ID,Name,Username,Platform,Followers,Follower_Tier,Engagement_Rate,Niche,Status,Brand_Fit_Score,Primary_Reason,Profile_URL,Location
INF-001,Eric Garcia,ericgar,Instagram,500,Nano (<5k),4.42%,Technology & AI,FAILED,8.0/10,"Follower count (500) is below the micro-influencer threshold (5,000)",https://collabstr.com/ericgar,"Austin, TX, US"
INF-002,Toni Cuenca Garcia,linkfydev,TikTok,480400,Macro (>100k),1.83%,Technology & AI,FAILED,5.0/10,"Follower count (480,400) exceeds the micro-influencer ceiling (100,000) - classified as Macro; Engagement rate (1.83%) is below minimum threshold (2.0%)",https://collabstr.com/linkfydev,"Barcelona, ES"
INF-003,Kimberlyn Padilla,kimberlynpadilla,TikTok,60200,Micro (5k-100k),3.21%,Technology & AI,PASSED,7.5/10,"Qualified micro-influencer: 60,200 followers (5k-100k tier), 3.21% ER (>2.0%), verified Technology & AI fit.",https://collabstr.com/kimberlynpadilla,"Cucuta, CO"
INF-004,Diego Montes B,diegoinnovacion,TikTok,56800,Micro (5k-100k),3.18%,Technology & AI,PASSED,9.2/10,"Qualified micro-influencer: 56,800 followers (5k-100k tier), 3.18% ER (>2.0%), verified Technology & AI fit.",https://collabstr.com/diegoinnovacion,"Lima, PE"
INF-005,Mayura Panemangalore,thenadcoderacademy,Instagram,166600,Macro (>100k),1.31%,Technology & AI,FAILED,5.3/10,"Follower count (166,600) exceeds the micro-influencer ceiling (100,000) - classified as Macro; Engagement rate (1.31%) is below minimum threshold (2.0%)",https://collabstr.com/thenadcoderacademy,"Dallas, TX, US"
INF-006,Diana Pusde,dianapusde,TikTok,200700,Macro (>100k),2.51%,Technology & AI,FAILED,4.8/10,"Follower count (200,700) exceeds the micro-influencer ceiling (100,000) - classified as Macro",https://collabstr.com/dianapusde,"Jakarta, JK, ID"
INF-007,Joseph Badiger,josephbadiger,Instagram,50600,Micro (5k-100k),1.95%,Technology & AI,FAILED,6.2/10,Engagement rate (1.95%) is below minimum threshold (2.0%),https://collabstr.com/josephbadiger,"New York, NY, US"
INF-008,Nik Lr,theunboxrstudio,YouTube,195000,Macro (>100k),1.2%,Technology & AI,FAILED,3.5/10,"Follower count (195,000) exceeds the micro-influencer ceiling (100,000) - classified as Macro; Engagement rate (1.20%) is below minimum threshold (2.0%)",https://collabstr.com/theunboxrstudio,"Como, IT"
INF-009,Abdelhamid Oughanem,abdelhamidhania,Instagram,13600,Micro (5k-100k),3.82%,Technology & AI,PASSED,9.1/10,"Qualified micro-influencer: 13,600 followers (5k-100k tier), 3.82% ER (>2.0%), verified Technology & AI fit.",https://collabstr.com/abdelhamidhania,"Ottawa, ON, CA"
INF-010,Christopher Dominguez,aztekfx,TikTok,59800,Micro (5k-100k),3.02%,Technology & AI,PASSED,7.3/10,"Qualified micro-influencer: 59,800 followers (5k-100k tier), 3.02% ER (>2.0%), verified Technology & AI fit.",https://collabstr.com/aztekfx,"Estado de Mexico, CAM, MX"
INF-011,Crypto Ai Investments,modernchannel,YouTube,54000,Micro (5k-100k),1.75%,Technology & AI,FAILED,7.0/10,Engagement rate (1.75%) is below minimum threshold (2.0%),https://collabstr.com/modernchannel,"Istanbul, TR"
INF-012,Tariq Aljuwayid,tariqtechs,YouTube,250050,Macro (>100k),0.8%,Technology & AI,FAILED,4.8/10,"Follower count (250,050) exceeds the micro-influencer ceiling (100,000) - classified as Macro; Engagement rate (0.80%) is below minimum threshold (2.0%)",https://collabstr.com/tariqtechs,"Riyadh, SA"
INF-013,Wealth Circal,wealthcircal,Instagram,25800,Micro (5k-100k),3.32%,Technology & AI,PASSED,7.6/10,"Qualified micro-influencer: 25,800 followers (5k-100k tier), 3.32% ER (>2.0%), verified Technology & AI fit.",https://collabstr.com/wealthcircal,"Elbistan, TR"
INF-014,Cristian Via,tecnopasion,TikTok,109100,Macro (>100k),2.27%,Technology & AI,FAILED,4.6/10,"Follower count (109,100) exceeds the micro-influencer ceiling (100,000) - classified as Macro",https://collabstr.com/tecnopasion,"Tarragona, ES"
INF-015,Mohamed Hamed,infology,YouTube,1240000,Macro (>100k),1.12%,Technology & AI,FAILED,4.3/10,"Follower count (1,240,000) exceeds the micro-influencer ceiling (100,000) - classified as Macro; Engagement rate (1.12%) is below minimum threshold (2.0%)",https://collabstr.com/infology,"Alger, DZ"
INF-016,Husnain Alvi,alvisahib11,TikTok,45100,Micro (5k-100k),3.6%,Technology & AI,PASSED,8.8/10,"Qualified micro-influencer: 45,100 followers (5k-100k tier), 3.60% ER (>2.0%), verified Technology & AI fit.",https://collabstr.com/alvisahib11,"Lahore, PB, PK"
INF-017,Antonio Diaz,antonioidiaz,Instagram,1100,Nano (<5k),4.84%,Technology & AI,FAILED,7.2/10,"Follower count (1,100) is below the micro-influencer threshold (5,000)",https://collabstr.com/antonioidiaz,"Mercer Island, WA, US"
INF-018,Eyad Zein,eyadzein,TikTok,55400,Micro (5k-100k),2.66%,Technology & AI,PASSED,7.9/10,"Qualified micro-influencer: 55,400 followers (5k-100k tier), 2.66% ER (>2.0%), verified Technology & AI fit.",https://collabstr.com/eyadzein,"Cairo, EG"
INF-019,Damarion,mryg277,TikTok,23900,Micro (5k-100k),3.26%,Technology & AI,PASSED,7.6/10,"Qualified micro-influencer: 23,900 followers (5k-100k tier), 3.26% ER (>2.0%), verified Technology & AI fit.",https://collabstr.com/mryg277,"Illinois City, IL, US"
INF-020,Varsha Dr,techwithvarsha,Instagram,251400,Macro (>100k),1.7%,Technology & AI,FAILED,5.7/10,"Follower count (251,400) exceeds the micro-influencer ceiling (100,000) - classified as Macro; Engagement rate (1.70%) is below minimum threshold (2.0%)",https://collabstr.com/techwithvarsha,"Bangalore, KA, IN"
INF-021,Aislinn Cody,alr3adyd3ad50,TikTok,108500,Macro (>100k),1.87%,Technology & AI,FAILED,4.2/10,"Follower count (108,500) exceeds the micro-influencer ceiling (100,000) - classified as Macro; Engagement rate (1.87%) is below minimum threshold (2.0%)",https://collabstr.com/alr3adyd3ad50,"Buffalo, NY, US"
INF-022,Estrella Campbell,iridescentsoulx,Instagram,5900,Micro (5k-100k),3.36%,Technology & AI,PASSED,7.0/10,"Qualified micro-influencer: 5,900 followers (5k-100k tier), 3.36% ER (>2.0%), verified Technology & AI fit.",https://collabstr.com/iridescentsoulx,"Austin, TX, US"
INF-023,Sydielid Izquierdo Delgado,sydielid,TikTok,1600,Nano (<5k),5.73%,Technology & AI,FAILED,6.3/10,"Follower count (1,600) is below the micro-influencer threshold (5,000)",https://collabstr.com/sydielid,"Hialeah, FL, US"
INF-024,Hassan Boufrat,boufrat,YouTube,75000,Micro (5k-100k),1.41%,Technology & AI,FAILED,5.7/10,Engagement rate (1.41%) is below minimum threshold (2.0%),https://collabstr.com/boufrat,"Casablanca, CAS, MA"
INF-025,Isabella Quintero,eesaquint,TikTok,23300,Micro (5k-100k),3.61%,Technology & AI,PASSED,7.9/10,"Qualified micro-influencer: 23,300 followers (5k-100k tier), 3.61% ER (>2.0%), verified Technology & AI fit.",https://collabstr.com/eesaquint,"Miami, FL, US"
INF-026,Nicole Arbour,nicolearbour,Instagram,2200000,Macro (>100k),1.2%,Technology & AI,FAILED,3.5/10,"Follower count (2,200,000) exceeds the micro-influencer ceiling (100,000) - classified as Macro; Engagement rate (1.20%) is below minimum threshold (2.0%)",https://collabstr.com/nicolearbour,"Miami Beach, FL, US"
INF-027,Brianna Furey,creatingminimagic,Instagram,1900,Nano (<5k),4.38%,Technology & AI,FAILED,6.3/10,"Follower count (1,900) is below the micro-influencer threshold (5,000)",https://collabstr.com/creatingminimagic,"Orangevale, CA, US"
INF-028,Abdul Lathif Ilyas,yunmakaveli,Instagram,9000,Micro (5k-100k),4.01%,Technology & AI,PASSED,6.7/10,"Qualified micro-influencer: 9,000 followers (5k-100k tier), 4.01% ER (>2.0%), verified Technology & AI fit.",https://collabstr.com/yunmakaveli,"Dubai, UAE"
INF-029,Daniela Jorge,danijorge,Instagram,7100,Micro (5k-100k),3.77%,Technology & AI,PASSED,6.5/10,"Qualified micro-influencer: 7,100 followers (5k-100k tier), 3.77% ER (>2.0%), verified Technology & AI fit.",https://collabstr.com/danijorge,"Miami, FL, US"
INF-030,Merve Tas,merveugc,Instagram,452500,Macro (>100k),1.55%,Technology & AI,FAILED,3.0/10,"Follower count (452,500) exceeds the micro-influencer ceiling (100,000) - classified as Macro; Engagement rate (1.55%) is below minimum threshold (2.0%)",https://collabstr.com/merveugc,"Katy, TX, US"
INF-031,Sabrina Puzella,91sabry,Instagram,39900,Micro (5k-100k),2.6%,Technology & AI,PASSED,6.9/10,"Qualified micro-influencer: 39,900 followers (5k-100k tier), 2.60% ER (>2.0%), verified Technology & AI fit.",https://collabstr.com/91sabry,"Ischia, NA, IT"
INF-032,Regiane Domingues,regianedomingues,Instagram,42200,Micro (5k-100k),3.33%,Technology & AI,PASSED,7.6/10,"Qualified micro-influencer: 42,200 followers (5k-100k tier), 3.33% ER (>2.0%), verified Technology & AI fit.",https://collabstr.com/regianedomingues,"Kearny, NJ, US"
INF-033,Mike's Home Esl,mikeshomeesl,YouTube,710000,Macro (>100k),1.26%,Technology & AI,FAILED,2.7/10,"Follower count (710,000) exceeds the micro-influencer ceiling (100,000) - classified as Macro; Engagement rate (1.26%) is below minimum threshold (2.0%)",https://collabstr.com/mikeshomeesl,"San Jose, CA, US"
INF-034,Vinny Scarpa,vinnyscarpacomedy,TikTok,5600,Micro (5k-100k),3.91%,Technology & AI,PASSED,6.6/10,"Qualified micro-influencer: 5,600 followers (5k-100k tier), 3.91% ER (>2.0%), verified Technology & AI fit.",https://collabstr.com/vinnyscarpacomedy,"Morristown, NJ, US"
INF-035,Katherine Wood,maomaoandmaki,Instagram,36900,Micro (5k-100k),2.76%,Technology & AI,PASSED,7.1/10,"Qualified micro-influencer: 36,900 followers (5k-100k tier), 2.76% ER (>2.0%), verified Technology & AI fit.",https://collabstr.com/maomaoandmaki,"Phoenix, AZ, US"
INF-036,Tiffany Hilton,tiffanytheceo,Instagram,43600,Micro (5k-100k),2.74%,Technology & AI,PASSED,7.0/10,"Qualified micro-influencer: 43,600 followers (5k-100k tier), 2.74% ER (>2.0%), verified Technology & AI fit.",https://collabstr.com/tiffanytheceo,"Union South Carolina, SC, US"
INF-037,Omalix Martinez,itsgiathecat,Instagram,11300,Micro (5k-100k),3.31%,Technology & AI,PASSED,6.9/10,"Qualified micro-influencer: 11,300 followers (5k-100k tier), 3.31% ER (>2.0%), verified Technology & AI fit.",https://collabstr.com/itsgiathecat,"Orlando, FL, US"
INF-038,Madi Nicole,madinicole,TikTok,17100,Micro (5k-100k),4.04%,Technology & AI,PASSED,7.4/10,"Qualified micro-influencer: 17,100 followers (5k-100k tier), 4.04% ER (>2.0%), verified Technology & AI fit.",https://collabstr.com/madinicole,"Fayetteville, AR, US"
INF-039,Judy Ann Miyara,just8ate,Instagram,35000,Micro (5k-100k),2.54%,Technology & AI,PASSED,6.8/10,"Qualified micro-influencer: 35,000 followers (5k-100k tier), 2.54% ER (>2.0%), verified Technology & AI fit.",https://collabstr.com/just8ate,"Thousand Oaks, CA, US"
INF-040,The Price Family,thepricefamily,YouTube,251000,Macro (>100k),1.53%,Technology & AI,FAILED,3.8/10,"Follower count (251,000) exceeds the micro-influencer ceiling (100,000) - classified as Macro; Engagement rate (1.53%) is below minimum threshold (2.0%)",https://collabstr.com/thepricefamily,"Atlanta, GA, US"
INF-041,Max Waddle-Stenton,mws,YouTube,82700,Micro (5k-100k),1.99%,Technology & AI,FAILED,5.6/10,Engagement rate (1.99%) is below minimum threshold (2.0%),https://collabstr.com/mws,"Leeds, LDS, GB"
INF-042,Sune Beale,sunebeale,Instagram,25100,Micro (5k-100k),2.86%,Technology & AI,PASSED,7.2/10,"Qualified micro-influencer: 25,100 followers (5k-100k tier), 2.86% ER (>2.0%), verified Technology & AI fit.",https://collabstr.com/sunebeale,"Bremen, HB, DE"
INF-043,Jessa Jaydin,jessajaydin,X (Twitter),75000,Micro (5k-100k),1.93%,Technology & AI,FAILED,6.2/10,Engagement rate (1.93%) is below minimum threshold (2.0%),https://collabstr.com/jessajaydin,"Jupiter, FL, US"
INF-044,Desiree Harden,cree,TikTok,100500,Macro (>100k),1.75%,Technology & AI,FAILED,4.0/10,"Follower count (100,500) exceeds the micro-influencer ceiling (100,000) - classified as Macro; Engagement rate (1.75%) is below minimum threshold (2.0%)",https://collabstr.com/cree,"West Orange, NJ, US"
INF-045,Katy,katynjf,Instagram,250050,Macro (>100k),1.49%,Technology & AI,FAILED,3.8/10,"Follower count (250,050) exceeds the micro-influencer ceiling (100,000) - classified as Macro; Engagement rate (1.49%) is below minimum threshold (2.0%)",https://collabstr.com/katynjf,"Montreal, QC, CA"
INF-046,Nikole,ugcnikole1,TikTok,9800,Micro (5k-100k),4.62%,Technology & AI,PASSED,7.6/10,"Qualified micro-influencer: 9,800 followers (5k-100k tier), 4.62% ER (>2.0%), verified Technology & AI fit.",https://collabstr.com/ugcnikole1,"Pedricktown, NJ, US"
INF-047,Hely Hernández,helyhernandezz,Instagram,11400,Micro (5k-100k),3.77%,Technology & AI,PASSED,7.4/10,"Qualified micro-influencer: 11,400 followers (5k-100k tier), 3.77% ER (>2.0%), verified Technology & AI fit.",https://collabstr.com/helyhernandezz,"Madrid, ES"
INF-048,Albaronatx,albaronatx,Instagram,414600,Macro (>100k),0.98%,Technology & AI,FAILED,3.3/10,"Follower count (414,600) exceeds the micro-influencer ceiling (100,000) - classified as Macro; Engagement rate (0.98%) is below minimum threshold (2.0%)",https://collabstr.com/albaronatx,"Casablanca, CAS, MA"
INF-049,Theresa Davis,theresaceetv,TikTok,19500,Micro (5k-100k),4.53%,Technology & AI,PASSED,8.3/10,"Qualified micro-influencer: 19,500 followers (5k-100k tier), 4.53% ER (>2.0%), verified Technology & AI fit.",https://collabstr.com/theresaceetv,"Kansas City, MO, US"
INF-050,Kevin Ganci,kevinganci,Instagram,3500,Nano (<5k),4.43%,Technology & AI,FAILED,5.4/10,"Follower count (3,500) is below the micro-influencer threshold (5,000)",https://collabstr.com/kevinganci,"Saint Petersburg, FL, US"
INF-051,Shubham Saini,shubook,Instagram,50700,Micro (5k-100k),2.68%,Technology & AI,PASSED,7.0/10,"Qualified micro-influencer: 50,700 followers (5k-100k tier), 2.68% ER (>2.0%), verified Technology & AI fit.",https://collabstr.com/shubook,"Bangalore, KA, IN"
INF-052,Aubry Trude,aubrytrude,TikTok,3200,Nano (<5k),5.39%,Technology & AI,FAILED,6.3/10,"Follower count (3,200) is below the micro-influencer threshold (5,000)",https://collabstr.com/aubrytrude,"Los Angeles, CA, US"
INF-053,Ethanjewell,ethanjewell,TikTok,997400,Macro (>100k),1.99%,Technology & AI,FAILED,4.3/10,"Follower count (997,400) exceeds the micro-influencer ceiling (100,000) - classified as Macro; Engagement rate (1.99%) is below minimum threshold (2.0%)",https://collabstr.com/ethanjewell,"Denver, CO, US"
INF-054,Nazir Jarmajo,kurratv,TikTok,80000,Micro (5k-100k),2.94%,Technology & AI,PASSED,6.5/10,"Qualified micro-influencer: 80,000 followers (5k-100k tier), 2.94% ER (>2.0%), verified Technology & AI fit.",https://collabstr.com/kurratv,"Lagos, NG"
INF-055,Joyce Ribeiro,joycethomazette,Instagram,42100,Micro (5k-100k),2.41%,Technology & AI,PASSED,6.7/10,"Qualified micro-influencer: 42,100 followers (5k-100k tier), 2.41% ER (>2.0%), verified Technology & AI fit.",https://collabstr.com/joycethomazette,"Orlando, FL, US"
INF-056,Tiffani Butler,shanellethebelle,TikTok,62200,Micro (5k-100k),2.6%,Technology & AI,PASSED,6.0/10,"Qualified micro-influencer: 62,200 followers (5k-100k tier), 2.60% ER (>2.0%), verified Technology & AI fit.",https://collabstr.com/shanellethebelle,"Atlanta, GA, US"
INF-057,Mohamad Alkaaby,kaaby,YouTube,6850,Micro (5k-100k),2.82%,Technology & AI,PASSED,6.4/10,"Qualified micro-influencer: 6,850 followers (5k-100k tier), 2.82% ER (>2.0%), verified Technology & AI fit.",https://collabstr.com/kaaby,"Windsor, ON, CA"
INF-058,Cezare Tech,cezaretech,TikTok,82200,Micro (5k-100k),2.59%,Technology & AI,PASSED,6.2/10,"Qualified micro-influencer: 82,200 followers (5k-100k tier), 2.59% ER (>2.0%), verified Technology & AI fit.",https://collabstr.com/cezaretech,"Berlin, BE, DE"
