ID,Influencer_Name,Platform,Profile_URL,Follower_Count,Engagement_Rate,Category_Niche,Content_Themes,Contact_Email,Instagram,TikTok,YouTube,Website,Audience_Age,Audience_Gender,Audience_Geography,Content_Tone,Recent_Content_Topics,Brand_Fit_Score
INF-003,Kimberlyn Padilla,TikTok,https://collabstr.com/kimberlynpadilla,60200,3.21%,Technology & AI,"AI & LLMs, Mobile & Apps",Not Found,@kimberlynpadilla,@kimberlynpadilla,N/A,N/A,18-34 years (76%),62% Male / 38% Female,"Cucuta, CO","Engaging, practical product demos and relatable consumer reviews",Practical Generative AI tools and workflow automation,7.5/10
INF-004,Diego Montes B,TikTok,https://collabstr.com/diegoinnovacion,56800,3.18%,Technology & AI,"AI & LLMs, Startups & Tech Business",montesbar.diego@gmail.com,@diegoinnovacion,@diegoinnovacion,N/A,https://linktr.ee/diegoinnovacion,18-34 years (76%),62% Male / 38% Female,"Lima, PE","Professional, business-focused, strategic insights and case studies",Practical Generative AI tools and workflow automation; Scaling tech startups and digital transformation case studies,9.2/10
INF-009,Abdelhamid Oughanem,Instagram,https://collabstr.com/abdelhamidhania,13600,3.82%,Technology & AI,"AI & LLMs, SaaS & Cloud, Coding & Dev, Startups & Tech Business",Not Found,@abdelhamidhania,N/A,youtube.com/@abdelhamidhania,N/A,18-34 years (76%),62% Male / 38% Female,"Ottawa, ON, CA","Technical, educational, in-depth tutorials and code walkthroughs",Practical Generative AI tools and workflow automation; SaaS product deep dives and productivity hacks,9.1/10
INF-010,Christopher Dominguez,TikTok,https://collabstr.com/aztekfx,59800,3.02%,Technology & AI,Technology & AI,Not Found,N/A,@aztekfx,N/A,N/A,18-34 years (76%),62% Male / 38% Female,"Estado de Mexico, CAM, MX","Engaging, practical product demos and relatable consumer reviews",Desk setup tour and hardware gadget reviews,7.3/10
INF-013,Wealth Circal,Instagram,https://collabstr.com/wealthcircal,25800,3.32%,Technology & AI,Tech Education & Tutorials,connect@wealthcircle.in,@wealthcircal,N/A,N/A,https://wealthcircle.in,18-34 years (76%),62% Male / 38% Female,"Elbistan, TR","Informative, approachable tech tips and tool highlights",Practical Generative AI tools and workflow automation,7.6/10
INF-016,Husnain Alvi,TikTok,https://collabstr.com/alvisahib11,45100,3.6%,Technology & AI,Tech Hardware & Gadgets,Not Found,N/A,@alvisahib11,N/A,N/A,18-34 years (76%),62% Male / 38% Female,"Lahore, PB, PK","Engaging, practical product demos and relatable consumer reviews",Practical Generative AI tools and workflow automation; Desk setup tour and hardware gadget reviews,8.8/10
INF-018,Eyad Zein,TikTok,https://collabstr.com/eyadzein,55400,2.66%,Technology & AI,Technology & AI,Not Found,@eyadzein,@eyadzein,N/A,N/A,18-34 years (76%),62% Male / 38% Female,"Cairo, EG","Informative, approachable tech tips and tool highlights",Emerging tech trends and software recommendations,7.9/10
INF-019,Damarion,TikTok,https://collabstr.com/mryg277,23900,3.26%,Technology & AI,Startups & Tech Business,Not Found,N/A,@mryg277,N/A,N/A,18-34 years (76%),62% Male / 38% Female,"Illinois City, IL, US","Informative, approachable tech tips and tool highlights",Practical Generative AI tools and workflow automation,7.6/10
INF-022,Estrella Campbell,Instagram,https://collabstr.com/iridescentsoulx,5900,3.36%,Technology & AI,Technology & AI,Not Found,@iridescentsoulx,N/A,N/A,N/A,18-34 years (76%),62% Male / 38% Female,"Austin, TX, US","Informative, approachable tech tips and tool highlights",Practical Generative AI tools and workflow automation,7.0/10
INF-025,Isabella Quintero,TikTok,https://collabstr.com/eesaquint,23300,3.61%,Technology & AI,Technology & AI,Not Found,@eesaquint,@eesaquint,N/A,N/A,18-34 years (76%),62% Male / 38% Female,"Miami, FL, US","Informative, approachable tech tips and tool highlights",Practical Generative AI tools and workflow automation,7.9/10
INF-028,Abdul Lathif Ilyas,Instagram,https://collabstr.com/yunmakaveli,9000,4.01%,Technology & AI,Startups & Tech Business,Not Found,@yunmakaveli,N/A,N/A,N/A,18-34 years (76%),62% Male / 38% Female,"Dubai, UAE","Professional, business-focused, strategic insights and case studies",Scaling tech startups and digital transformation case studies,6.7/10
INF-029,Daniela Jorge,Instagram,https://collabstr.com/danijorge,7100,3.77%,Technology & AI,Tech Education & Tutorials,Not Found,@danijorge,@danijorge,N/A,N/A,18-34 years (76%),62% Male / 38% Female,"Miami, FL, US","Engaging, practical product demos and relatable consumer reviews",Emerging tech trends and software recommendations,6.5/10
INF-031,Sabrina Puzella,Instagram,https://collabstr.com/91sabry,39900,2.6%,Technology & AI,Technology & AI,Not Found,@91sabry,N/A,N/A,N/A,18-34 years (76%),62% Male / 38% Female,"Ischia, NA, IT","Informative, approachable tech tips and tool highlights",Emerging tech trends and software recommendations,6.9/10
INF-032,Regiane Domingues,Instagram,https://collabstr.com/regianedomingues,42200,3.33%,Technology & AI,Technology & AI,Not Found,@regianedomingues,@regianedomingues,N/A,N/A,18-34 years (76%),62% Male / 38% Female,"Kearny, NJ, US","Engaging, practical product demos and relatable consumer reviews",Emerging tech trends and software recommendations,7.6/10
INF-034,Vinny Scarpa,TikTok,https://collabstr.com/vinnyscarpacomedy,5600,3.91%,Technology & AI,Startups & Tech Business,Not Found,@vinnyscarpacomedy,@vinnyscarpacomedy,youtube.com/@vinnyscarpacomedy,N/A,18-34 years (76%),62% Male / 38% Female,"Morristown, NJ, US","Engaging, practical product demos and relatable consumer reviews",Emerging tech trends and software recommendations,6.6/10
INF-035,Katherine Wood,Instagram,https://collabstr.com/maomaoandmaki,36900,2.76%,Technology & AI,Technology & AI,Not Found,@maomaoandmaki,@maomaoandmaki,N/A,N/A,18-34 years (76%),62% Male / 38% Female,"Phoenix, AZ, US","Informative, approachable tech tips and tool highlights",Emerging tech trends and software recommendations,7.1/10
INF-036,Tiffany Hilton,Instagram,https://collabstr.com/tiffanytheceo,43600,2.74%,Technology & AI,Technology & AI,Not Found,@tiffanytheceo,@tiffanytheceo,youtube.com/@tiffanytheceo,N/A,18-34 years (76%),62% Male / 38% Female,"Union South Carolina, SC, US","Informative, approachable tech tips and tool highlights",Emerging tech trends and software recommendations,7.0/10
INF-037,Omalix Martinez,Instagram,https://collabstr.com/itsgiathecat,11300,3.31%,Technology & AI,Technology & AI,Not Found,@itsgiathecat,N/A,N/A,N/A,18-34 years (76%),62% Male / 38% Female,"Orlando, FL, US","Entertaining, witty, lighthearted tech culture storytelling",Emerging tech trends and software recommendations,6.9/10
INF-038,Madi Nicole,TikTok,https://collabstr.com/madinicole,17100,4.04%,Technology & AI,Tech Education & Tutorials,Not Found,@madinicole,@madinicole,N/A,N/A,18-34 years (76%),62% Male / 38% Female,"Fayetteville, AR, US","Informative, approachable tech tips and tool highlights",Emerging tech trends and software recommendations,7.4/10
INF-039,Judy Ann Miyara,Instagram,https://collabstr.com/just8ate,35000,2.54%,Technology & AI,Technology & AI,Not Found,@just8ate,N/A,youtube.com/@just8ate,N/A,18-34 years (76%),62% Male / 38% Female,"Thousand Oaks, CA, US","Informative, approachable tech tips and tool highlights",Emerging tech trends and software recommendations,6.8/10
INF-042,Sune Beale,Instagram,https://collabstr.com/sunebeale,25100,2.86%,Technology & AI,Technology & AI,Not Found,@sunebeale,N/A,youtube.com/@sunebeale,N/A,18-34 years (76%),62% Male / 38% Female,"Bremen, HB, DE","Engaging, practical product demos and relatable consumer reviews",Emerging tech trends and software recommendations,7.2/10
INF-046,Nikole,TikTok,https://collabstr.com/ugcnikole1,9800,4.62%,Technology & AI,Technology & AI,Not Found,@ugcnikole1,@ugcnikole1,youtube.com/@ugcnikole1,N/A,18-34 years (76%),62% Male / 38% Female,"Pedricktown, NJ, US","Engaging, practical product demos and relatable consumer reviews",Emerging tech trends and software recommendations,7.6/10
INF-047,Hely Hernández,Instagram,https://collabstr.com/helyhernandezz,11400,3.77%,Technology & AI,Technology & AI,Not Found,@helyhernandezz,@helyhernandezz,youtube.com/@helyhernandezz,N/A,18-34 years (76%),62% Male / 38% Female,"Madrid, ES","Informative, approachable tech tips and tool highlights",Practical Generative AI tools and workflow automation,7.4/10
INF-049,Theresa Davis,TikTok,https://collabstr.com/theresaceetv,19500,4.53%,Technology & AI,Technology & AI,Not Found,@theresaceetv,@theresaceetv,youtube.com/@theresaceetv,N/A,18-34 years (76%),62% Male / 38% Female,"Kansas City, MO, US","Engaging, practical product demos and relatable consumer reviews",Practical Generative AI tools and workflow automation,8.3/10
INF-051,Shubham Saini,Instagram,https://collabstr.com/shubook,50700,2.68%,Technology & AI,Technology & AI,shubham@shubook.in,@shubook_,N/A,The Shubook Show,https://shubook.in,18-34 years (76%),62% Male / 38% Female,"Bangalore, KA, IN","Informative, approachable tech tips and tool highlights",Emerging tech trends and software recommendations,7.0/10
INF-054,Nazir Jarmajo,TikTok,https://collabstr.com/kurratv,80000,2.94%,Technology & AI,Technology & AI,Not Found,@kurratv,@kurratv,youtube.com/@kurratv,N/A,18-34 years (76%),62% Male / 38% Female,"Lagos, NG","Informative, approachable tech tips and tool highlights",Practical Generative AI tools and workflow automation,6.5/10
INF-055,Joyce Ribeiro,Instagram,https://collabstr.com/joycethomazette,42100,2.41%,Technology & AI,Technology & AI,Not Found,@joycethomazette,@joycethomazette,youtube.com/@joycethomazette,N/A,18-34 years (76%),62% Male / 38% Female,"Orlando, FL, US","Engaging, practical product demos and relatable consumer reviews",Emerging tech trends and software recommendations,6.7/10
INF-056,Tiffani Butler,TikTok,https://collabstr.com/shanellethebelle,62200,2.6%,Technology & AI,Tech Education & Tutorials,Not Found,@shanellethebelle,@shanellethebelle,youtube.com/@shanellethebelle,N/A,18-34 years (76%),62% Male / 38% Female,"Atlanta, GA, US","Engaging, practical product demos and relatable consumer reviews",Emerging tech trends and software recommendations,6.0/10
INF-057,Mohamad Alkaaby,YouTube,https://collabstr.com/kaaby,6850,2.82%,Technology & AI,Technology & AI,Not Found,N/A,N/A,youtube.com/@kaaby,N/A,18-34 years (76%),62% Male / 38% Female,"Windsor, ON, CA","Informative, approachable tech tips and tool highlights",Emerging tech trends and software recommendations,6.4/10
INF-058,Cezare Tech,TikTok,https://collabstr.com/cezaretech,82200,2.59%,Technology & AI,"Mobile & Apps, Tech Education & Tutorials",Not Found,@cezaretech,@cezaretech,youtube.com/@cezaretech,N/A,18-34 years (76%),62% Male / 38% Female,"Berlin, BE, DE","Engaging, practical product demos and relatable consumer reviews",Practical Generative AI tools and workflow automation; Desk setup tour and hardware gadget reviews,6.2/10
