Log_ID,Influencer,Email,Channel,Platform,Collaboration_Angle,Message_Generated,Sent_Date,Status,Delivery_Mode,Details
LOG-EM-7AF5594C,Kimberlyn Padilla,Not Found,Email,TikTok,UGC content creation,"Hi Kimberlyn, I loved your recent breakdown on practical generative ai tools and workflow automation. Your engaging, practical product demos and relatable consumer reviews and highly engaged 18-34 tech audience in Cucuta align seamlessly with our team's mission. We are launching an upcoming ugc content creation and would love to partner with you. We offer paid commercial licensing deal for our upcoming high-growth ad campaigns. Would you be open to reviewing a brief partnership brief this week?",2026-10-01T18:48:17.225570,SKIPPED_NO_EMAIL,simulation,SKIPPED_NO_EMAIL: Influencer has no valid public contact email
LOG-EM-77E82209,Diego Montes B,montesbar.diego@gmail.com,Email,TikTok,Sponsorship,"Hi Diego, I loved your recent breakdown on practical generative ai tools and workflow automation. Your professional, business-focused, strategic insights and case studies and highly engaged 18-34 tech audience in Lima align seamlessly with our team's mission. We are launching an upcoming sponsorship and would love to partner with you. We offer competitive flat creator fees with creative freedom on campaign integration. Would you be open to reviewing a brief partnership brief this week?",2026-10-01T18:48:17.225658,SIMULATED_SENT,simulation,Delivered successfully. MessageID: <msg_sim_7fc52da4eb80@gmail.com>
LOG-EM-F8C8B03C,Abdelhamid Oughanem,Not Found,Email,Instagram,Paid product placement,"Hi Abdelhamid, I loved your recent breakdown on practical generative ai tools and workflow automation. Your technical, educational, in-depth tutorials and code walkthroughs and highly engaged 18-34 tech audience in Ottawa align seamlessly with our team's mission. We are launching an upcoming paid product placement and would love to partner with you. We offer dedicated sponsored demo segment highlighting your authentic workflow. Would you be open to reviewing a brief partnership brief this week?",2026-10-01T18:48:17.330894,SKIPPED_NO_EMAIL,simulation,SKIPPED_NO_EMAIL: Influencer has no valid public contact email
LOG-EM-F1A750DA,Christopher Dominguez,Not Found,Email,TikTok,Sponsorship,"Hi Christopher, I loved your recent breakdown on desk setup tour and hardware gadget reviews. Your engaging, practical product demos and relatable consumer reviews and highly engaged 18-34 tech audience in Estado de Mexico align seamlessly with our team's mission. We are launching an upcoming sponsorship and would love to partner with you. We offer competitive flat creator fees with creative freedom on campaign integration. Would you be open to reviewing a brief partnership brief this week?",2026-10-01T18:48:17.330962,SKIPPED_NO_EMAIL,simulation,SKIPPED_NO_EMAIL: Influencer has no valid public contact email
LOG-EM-240FF309,Wealth Circal,connect@wealthcircle.in,Email,Instagram,Sponsorship,"Hi Wealth, I loved your recent breakdown on practical generative ai tools and workflow automation. Your informative, approachable tech tips and tool highlights and highly engaged 18-34 tech audience in Elbistan align seamlessly with our team's mission. We are launching an upcoming sponsorship and would love to partner with you. We offer competitive flat creator fees with creative freedom on campaign integration. Would you be open to reviewing a brief partnership brief this week?",2026-10-01T18:48:17.331047,SIMULATED_SENT,simulation,Delivered successfully. MessageID: <msg_sim_0c32ec9dc7da@wealthcircle.in>
LOG-EM-A89EB299,Husnain Alvi,Not Found,Email,TikTok,Paid product placement,"Hi Husnain, I loved your recent breakdown on practical generative ai tools and workflow automation. Your engaging, practical product demos and relatable consumer reviews and highly engaged 18-34 tech audience in Lahore align seamlessly with our team's mission. We are launching an upcoming paid product placement and would love to partner with you. We offer dedicated sponsored demo segment highlighting your authentic workflow. Would you be open to reviewing a brief partnership brief this week?",2026-10-01T18:48:17.436271,SKIPPED_NO_EMAIL,simulation,SKIPPED_NO_EMAIL: Influencer has no valid public contact email
LOG-EM-7FCF1113,Eyad Zein,Not Found,Email,TikTok,Sponsorship,"Hi Eyad, I loved your recent breakdown on emerging tech trends and software recommendations. Your informative, approachable tech tips and tool highlights and highly engaged 18-34 tech audience in Cairo align seamlessly with our team's mission. We are launching an upcoming sponsorship and would love to partner with you. We offer competitive flat creator fees with creative freedom on campaign integration. Would you be open to reviewing a brief partnership brief this week?",2026-10-01T18:48:17.436306,SKIPPED_NO_EMAIL,simulation,SKIPPED_NO_EMAIL: Influencer has no valid public contact email
LOG-EM-2B0653EB,Damarion,Not Found,Email,TikTok,Paid product placement,"Hi Damarion, I loved your recent breakdown on practical generative ai tools and workflow automation. Your informative, approachable tech tips and tool highlights and highly engaged 18-34 tech audience in Illinois City align seamlessly with our team's mission. We are launching an upcoming paid product placement and would love to partner with you. We offer dedicated sponsored demo segment highlighting your authentic workflow. Would you be open to reviewing a brief partnership brief this week?",2026-10-01T18:48:17.436319,SKIPPED_NO_EMAIL,simulation,SKIPPED_NO_EMAIL: Influencer has no valid public contact email
LOG-EM-E3282BEF,Estrella Campbell,Not Found,Email,Instagram,Sponsorship,"Hi Estrella, I loved your recent breakdown on practical generative ai tools and workflow automation. Your informative, approachable tech tips and tool highlights and highly engaged 18-34 tech audience in Austin align seamlessly with our team's mission. We are launching an upcoming sponsorship and would love to partner with you. We offer competitive flat creator fees with creative freedom on campaign integration. Would you be open to reviewing a brief partnership brief this week?",2026-10-01T18:48:17.436329,SKIPPED_NO_EMAIL,simulation,SKIPPED_NO_EMAIL: Influencer has no valid public contact email
LOG-EM-FA65CADC,Isabella Quintero,Not Found,Email,TikTok,Sponsorship,"Hi Isabella, I loved your recent breakdown on practical generative ai tools and workflow automation. Your informative, approachable tech tips and tool highlights and highly engaged 18-34 tech audience in Miami align seamlessly with our team's mission. We are launching an upcoming sponsorship and would love to partner with you. We offer competitive flat creator fees with creative freedom on campaign integration. Would you be open to reviewing a brief partnership brief this week?",2026-10-01T18:48:17.436339,SKIPPED_NO_EMAIL,simulation,SKIPPED_NO_EMAIL: Influencer has no valid public contact email
LOG-EM-418EFCFE,Abdul Lathif Ilyas,Not Found,Email,Instagram,Affiliate campaign,"Hi Abdul, I loved your recent breakdown on scaling tech startups and digital transformation case studies. Your professional, business-focused, strategic insights and case studies and highly engaged 18-34 tech audience in Dubai align seamlessly with our team's mission. We are launching an upcoming affiliate campaign and would love to partner with you. We offer high-tier recurring revenue share and custom audience discounts. Would you be open to reviewing a brief partnership brief this week?",2026-10-01T18:48:17.436349,SKIPPED_NO_EMAIL,simulation,SKIPPED_NO_EMAIL: Influencer has no valid public contact email
LOG-EM-3712225B,Daniela Jorge,Not Found,Email,Instagram,UGC content creation,"Hi Daniela, I loved your recent breakdown on emerging tech trends and software recommendations. Your engaging, practical product demos and relatable consumer reviews and highly engaged 18-34 tech audience in Miami align seamlessly with our team's mission. We are launching an upcoming ugc content creation and would love to partner with you. We offer paid commercial licensing deal for our upcoming high-growth ad campaigns. Would you be open to reviewing a brief partnership brief this week?",2026-10-01T18:48:17.436358,SKIPPED_NO_EMAIL,simulation,SKIPPED_NO_EMAIL: Influencer has no valid public contact email
LOG-EM-A3EA38D7,Sabrina Puzella,Not Found,Email,Instagram,Sponsorship,"Hi Sabrina, I loved your recent breakdown on emerging tech trends and software recommendations. Your informative, approachable tech tips and tool highlights and highly engaged 18-34 tech audience in Ischia align seamlessly with our team's mission. We are launching an upcoming sponsorship and would love to partner with you. We offer competitive flat creator fees with creative freedom on campaign integration. Would you be open to reviewing a brief partnership brief this week?",2026-10-01T18:48:17.436367,SKIPPED_NO_EMAIL,simulation,SKIPPED_NO_EMAIL: Influencer has no valid public contact email
LOG-EM-7FBD6380,Regiane Domingues,Not Found,Email,Instagram,UGC content creation,"Hi Regiane, I loved your recent breakdown on emerging tech trends and software recommendations. Your engaging, practical product demos and relatable consumer reviews and highly engaged 18-34 tech audience in Kearny align seamlessly with our team's mission. We are launching an upcoming ugc content creation and would love to partner with you. We offer paid commercial licensing deal for our upcoming high-growth ad campaigns. Would you be open to reviewing a brief partnership brief this week?",2026-10-01T18:48:17.436375,SKIPPED_NO_EMAIL,simulation,SKIPPED_NO_EMAIL: Influencer has no valid public contact email
LOG-EM-DFDC87B4,Vinny Scarpa,Not Found,Email,TikTok,UGC content creation,"Hi Vinny, I loved your recent breakdown on emerging tech trends and software recommendations. Your engaging, practical product demos and relatable consumer reviews and highly engaged 18-34 tech audience in Morristown align seamlessly with our team's mission. We are launching an upcoming ugc content creation and would love to partner with you. We offer paid commercial licensing deal for our upcoming high-growth ad campaigns. Would you be open to reviewing a brief partnership brief this week?",2026-10-01T18:48:17.436384,SKIPPED_NO_EMAIL,simulation,SKIPPED_NO_EMAIL: Influencer has no valid public contact email
LOG-EM-D9BB281A,Katherine Wood,Not Found,Email,Instagram,Sponsorship,"Hi Katherine, I loved your recent breakdown on emerging tech trends and software recommendations. Your informative, approachable tech tips and tool highlights and highly engaged 18-34 tech audience in Phoenix align seamlessly with our team's mission. We are launching an upcoming sponsorship and would love to partner with you. We offer competitive flat creator fees with creative freedom on campaign integration. Would you be open to reviewing a brief partnership brief this week?",2026-10-01T18:48:17.436392,SKIPPED_NO_EMAIL,simulation,SKIPPED_NO_EMAIL: Influencer has no valid public contact email
LOG-EM-D0A0DA89,Tiffany Hilton,Not Found,Email,Instagram,Paid product placement,"Hi Tiffany, I loved your recent breakdown on emerging tech trends and software recommendations. Your informative, approachable tech tips and tool highlights and highly engaged 18-34 tech audience in Union South Carolina align seamlessly with our team's mission. We are launching an upcoming paid product placement and would love to partner with you. We offer dedicated sponsored demo segment highlighting your authentic workflow. Would you be open to reviewing a brief partnership brief this week?",2026-10-01T18:48:17.436401,SKIPPED_NO_EMAIL,simulation,SKIPPED_NO_EMAIL: Influencer has no valid public contact email
LOG-EM-24B3FA0B,Omalix Martinez,Not Found,Email,Instagram,Sponsorship,"Hi Omalix, I loved your recent breakdown on emerging tech trends and software recommendations. Your entertaining, witty, lighthearted tech culture storytelling and highly engaged 18-34 tech audience in Orlando align seamlessly with our team's mission. We are launching an upcoming sponsorship and would love to partner with you. We offer competitive flat creator fees with creative freedom on campaign integration. Would you be open to reviewing a brief partnership brief this week?",2026-10-01T18:48:17.436409,SKIPPED_NO_EMAIL,simulation,SKIPPED_NO_EMAIL: Influencer has no valid public contact email
LOG-EM-B9E81F1B,Madi Nicole,Not Found,Email,TikTok,Paid product placement,"Hi Madi, I loved your recent breakdown on emerging tech trends and software recommendations. Your informative, approachable tech tips and tool highlights and highly engaged 18-34 tech audience in Fayetteville align seamlessly with our team's mission. We are launching an upcoming paid product placement and would love to partner with you. We offer dedicated sponsored demo segment highlighting your authentic workflow. Would you be open to reviewing a brief partnership brief this week?",2026-10-01T18:48:17.436417,SKIPPED_NO_EMAIL,simulation,SKIPPED_NO_EMAIL: Influencer has no valid public contact email
LOG-EM-1C3EAC81,Judy Ann Miyara,Not Found,Email,Instagram,Sponsorship,"Hi Judy, I loved your recent breakdown on emerging tech trends and software recommendations. Your informative, approachable tech tips and tool highlights and highly engaged 18-34 tech audience in Thousand Oaks align seamlessly with our team's mission. We are launching an upcoming sponsorship and would love to partner with you. We offer competitive flat creator fees with creative freedom on campaign integration. Would you be open to reviewing a brief partnership brief this week?",2026-10-01T18:48:17.436426,SKIPPED_NO_EMAIL,simulation,SKIPPED_NO_EMAIL: Influencer has no valid public contact email
LOG-EM-5AC49E78,Sune Beale,Not Found,Email,Instagram,UGC content creation,"Hi Sune, I loved your recent breakdown on emerging tech trends and software recommendations. Your engaging, practical product demos and relatable consumer reviews and highly engaged 18-34 tech audience in Bremen align seamlessly with our team's mission. We are launching an upcoming ugc content creation and would love to partner with you. We offer paid commercial licensing deal for our upcoming high-growth ad campaigns. Would you be open to reviewing a brief partnership brief this week?",2026-10-01T18:48:17.436434,SKIPPED_NO_EMAIL,simulation,SKIPPED_NO_EMAIL: Influencer has no valid public contact email
LOG-EM-88752ABF,Nikole,Not Found,Email,TikTok,UGC content creation,"Hi Nikole, I loved your recent breakdown on emerging tech trends and software recommendations. Your engaging, practical product demos and relatable consumer reviews and highly engaged 18-34 tech audience in Pedricktown align seamlessly with our team's mission. We are launching an upcoming ugc content creation and would love to partner with you. We offer paid commercial licensing deal for our upcoming high-growth ad campaigns. Would you be open to reviewing a brief partnership brief this week?",2026-10-01T18:48:17.436442,SKIPPED_NO_EMAIL,simulation,SKIPPED_NO_EMAIL: Influencer has no valid public contact email
LOG-EM-719FF60C,Hely Hernández,Not Found,Email,Instagram,Sponsorship,"Hi Hely, I loved your recent breakdown on practical generative ai tools and workflow automation. Your informative, approachable tech tips and tool highlights and highly engaged 18-34 tech audience in Madrid align seamlessly with our team's mission. We are launching an upcoming sponsorship and would love to partner with you. We offer competitive flat creator fees with creative freedom on campaign integration. Would you be open to reviewing a brief partnership brief this week?",2026-10-01T18:48:17.436450,SKIPPED_NO_EMAIL,simulation,SKIPPED_NO_EMAIL: Influencer has no valid public contact email
LOG-EM-D865C7B7,Theresa Davis,Not Found,Email,TikTok,UGC content creation,"Hi Theresa, I loved your recent breakdown on practical generative ai tools and workflow automation. Your engaging, practical product demos and relatable consumer reviews and highly engaged 18-34 tech audience in Kansas City align seamlessly with our team's mission. We are launching an upcoming ugc content creation and would love to partner with you. We offer paid commercial licensing deal for our upcoming high-growth ad campaigns. Would you be open to reviewing a brief partnership brief this week?",2026-10-01T18:48:17.436466,SKIPPED_NO_EMAIL,simulation,SKIPPED_NO_EMAIL: Influencer has no valid public contact email
LOG-EM-04D41CA4,Shubham Saini,shubham@shubook.in,Email,Instagram,Paid product placement,"Hi Shubham, I loved your recent breakdown on emerging tech trends and software recommendations. Your informative, approachable tech tips and tool highlights and highly engaged 18-34 tech audience in Bangalore align seamlessly with our team's mission. We are launching an upcoming paid product placement and would love to partner with you. We offer dedicated sponsored demo segment highlighting your authentic workflow. Would you be open to reviewing a brief partnership brief this week?",2026-10-01T18:48:17.436496,SIMULATED_SENT,simulation,Delivered successfully. MessageID: <msg_sim_362990293397@shubook.in>
LOG-EM-952B295E,Nazir Jarmajo,Not Found,Email,TikTok,Sponsorship,"Hi Nazir, I loved your recent breakdown on practical generative ai tools and workflow automation. Your informative, approachable tech tips and tool highlights and highly engaged 18-34 tech audience in Lagos align seamlessly with our team's mission. We are launching an upcoming sponsorship and would love to partner with you. We offer competitive flat creator fees with creative freedom on campaign integration. Would you be open to reviewing a brief partnership brief this week?",2026-10-01T18:48:17.541804,SKIPPED_NO_EMAIL,simulation,SKIPPED_NO_EMAIL: Influencer has no valid public contact email
LOG-EM-5D6C720C,Joyce Ribeiro,Not Found,Email,Instagram,UGC content creation,"Hi Joyce, I loved your recent breakdown on emerging tech trends and software recommendations. Your engaging, practical product demos and relatable consumer reviews and highly engaged 18-34 tech audience in Orlando align seamlessly with our team's mission. We are launching an upcoming ugc content creation and would love to partner with you. We offer paid commercial licensing deal for our upcoming high-growth ad campaigns. Would you be open to reviewing a brief partnership brief this week?",2026-10-01T18:48:17.541853,SKIPPED_NO_EMAIL,simulation,SKIPPED_NO_EMAIL: Influencer has no valid public contact email
LOG-EM-0FB59D55,Tiffani Butler,Not Found,Email,TikTok,Brand ambassador program,"Hi Tiffani, I loved your recent breakdown on emerging tech trends and software recommendations. Your engaging, practical product demos and relatable consumer reviews and highly engaged 18-34 tech audience in Atlanta align seamlessly with our team's mission. We are launching an upcoming brand ambassador program and would love to partner with you. We offer long-term quarterly retainer with early feature access and co-marketing. Would you be open to reviewing a brief partnership brief this week?",2026-10-01T18:48:17.541870,SKIPPED_NO_EMAIL,simulation,SKIPPED_NO_EMAIL: Influencer has no valid public contact email
LOG-EM-C9C07499,Mohamad Alkaaby,Not Found,Email,YouTube,Sponsorship,"Hi Mohamad, I loved your recent breakdown on emerging tech trends and software recommendations. Your informative, approachable tech tips and tool highlights and highly engaged 18-34 tech audience in Windsor align seamlessly with our team's mission. We are launching an upcoming sponsorship and would love to partner with you. We offer competitive flat creator fees with creative freedom on campaign integration. Would you be open to reviewing a brief partnership brief this week?",2026-10-01T18:48:17.541883,SKIPPED_NO_EMAIL,simulation,SKIPPED_NO_EMAIL: Influencer has no valid public contact email
LOG-EM-C078A279,Cezare Tech,Not Found,Email,TikTok,Sponsorship,"Hi Cezare, I loved your recent breakdown on practical generative ai tools and workflow automation. Your engaging, practical product demos and relatable consumer reviews and highly engaged 18-34 tech audience in Berlin align seamlessly with our team's mission. We are launching an upcoming sponsorship and would love to partner with you. We offer competitive flat creator fees with creative freedom on campaign integration. Would you be open to reviewing a brief partnership brief this week?",2026-10-01T18:48:17.541902,SKIPPED_NO_EMAIL,simulation,SKIPPED_NO_EMAIL: Influencer has no valid public contact email
LOG-DM-B218803F,Kimberlyn Padilla,@INF-003,Instagram DM,Instagram,UGC content creation,"Hi Kimberlyn, loved your recent practical generative ai tools and workflow automation content! Your tech audience looks like a perfect fit for our upcoming ugc content creation. Open to collaborating?",2026-10-01T18:48:17.541928,SIMULATED_DM_SENT,simulation,Instagram DM dispatched via simulated workflow to @INF-003
LOG-DM-6E5B791B,Diego Montes B,@INF-004,Instagram DM,Instagram,Sponsorship,"Hi Diego, loved your recent practical generative ai tools and workflow automation content! Your tech audience looks like a perfect fit for our upcoming sponsorship. Open to collaborating?",2026-10-01T18:48:17.542013,SIMULATED_DM_SENT,simulation,Instagram DM dispatched via simulated workflow to @INF-004
LOG-DM-BDA6A498,Abdelhamid Oughanem,@INF-009,Instagram DM,Instagram,Paid product placement,"Hi Abdelhamid, loved your recent practical generative ai tools and workflow automation content! Your tech audience looks like a perfect fit for our upcoming paid product placement. Open to collaborating?",2026-10-01T18:48:17.542099,SIMULATED_DM_SENT,simulation,Instagram DM dispatched via simulated workflow to @INF-009
LOG-DM-2B88D418,Christopher Dominguez,@INF-010,Instagram DM,Instagram,Sponsorship,"Hi Christopher, loved your recent desk setup tour and hardware gadget reviews content! Your tech audience looks like a perfect fit for our upcoming sponsorship. Open to collaborating?",2026-10-01T18:48:17.542179,SIMULATED_DM_SENT,simulation,Instagram DM dispatched via simulated workflow to @INF-010
LOG-DM-D55FF56B,Wealth Circal,@INF-013,Instagram DM,Instagram,Sponsorship,"Hi Wealth, loved your recent practical generative ai tools and workflow automation content! Your tech audience looks like a perfect fit for our upcoming sponsorship. Open to collaborating?",2026-10-01T18:48:17.542227,SIMULATED_DM_SENT,simulation,Instagram DM dispatched via simulated workflow to @INF-013
LOG-DM-C58C9EDB,Husnain Alvi,@INF-016,Instagram DM,Instagram,Paid product placement,"Hi Husnain, loved your recent practical generative ai tools and workflow automation content! Your tech audience looks like a perfect fit for our upcoming paid product placement. Open to collaborating?",2026-10-01T18:48:17.542263,SIMULATED_DM_SENT,simulation,Instagram DM dispatched via simulated workflow to @INF-016
LOG-DM-47BFFCC0,Eyad Zein,@INF-018,Instagram DM,Instagram,Sponsorship,"Hi Eyad, loved your recent emerging tech trends and software recommendations content! Your tech audience looks like a perfect fit for our upcoming sponsorship. Open to collaborating?",2026-10-01T18:48:17.542297,SIMULATED_DM_SENT,simulation,Instagram DM dispatched via simulated workflow to @INF-018
LOG-DM-B7105821,Damarion,@INF-019,Instagram DM,Instagram,Paid product placement,"Hi Damarion, loved your recent practical generative ai tools and workflow automation content! Your tech audience looks like a perfect fit for our upcoming paid product placement. Open to collaborating?",2026-10-01T18:48:17.542331,SIMULATED_DM_SENT,simulation,Instagram DM dispatched via simulated workflow to @INF-019
LOG-DM-8948F60B,Estrella Campbell,@INF-022,Instagram DM,Instagram,Sponsorship,"Hi Estrella, loved your recent practical generative ai tools and workflow automation content! Your tech audience looks like a perfect fit for our upcoming sponsorship. Open to collaborating?",2026-10-01T18:48:17.542366,SIMULATED_DM_SENT,simulation,Instagram DM dispatched via simulated workflow to @INF-022
LOG-DM-38520F00,Isabella Quintero,@INF-025,Instagram DM,Instagram,Sponsorship,"Hi Isabella, loved your recent practical generative ai tools and workflow automation content! Your tech audience looks like a perfect fit for our upcoming sponsorship. Open to collaborating?",2026-10-01T18:48:17.542922,SIMULATED_DM_SENT,simulation,Instagram DM dispatched via simulated workflow to @INF-025
LOG-DM-E56CCF36,Abdul Lathif Ilyas,@INF-028,Instagram DM,Instagram,Affiliate campaign,"Hi Abdul, loved your recent scaling tech startups and digital transformation case studies content! Your tech audience looks like a perfect fit for our upcoming affiliate campaign. Open to collaborating?",2026-10-01T18:48:17.542966,SIMULATED_DM_SENT,simulation,Instagram DM dispatched via simulated workflow to @INF-028
LOG-DM-CDD3924D,Daniela Jorge,@INF-029,Instagram DM,Instagram,UGC content creation,"Hi Daniela, loved your recent emerging tech trends and software recommendations content! Your tech audience looks like a perfect fit for our upcoming ugc content creation. Open to collaborating?",2026-10-01T18:48:17.542999,SIMULATED_DM_SENT,simulation,Instagram DM dispatched via simulated workflow to @INF-029
LOG-DM-8696D58B,Sabrina Puzella,@INF-031,Instagram DM,Instagram,Sponsorship,"Hi Sabrina, loved your recent emerging tech trends and software recommendations content! Your tech audience looks like a perfect fit for our upcoming sponsorship. Open to collaborating?",2026-10-01T18:48:17.543032,SIMULATED_DM_SENT,simulation,Instagram DM dispatched via simulated workflow to @INF-031
LOG-DM-BEC06E9D,Regiane Domingues,@INF-032,Instagram DM,Instagram,UGC content creation,"Hi Regiane, loved your recent emerging tech trends and software recommendations content! Your tech audience looks like a perfect fit for our upcoming ugc content creation. Open to collaborating?",2026-10-01T18:48:17.543064,SIMULATED_DM_SENT,simulation,Instagram DM dispatched via simulated workflow to @INF-032
LOG-DM-4651CB3B,Vinny Scarpa,@INF-034,Instagram DM,Instagram,UGC content creation,"Hi Vinny, loved your recent emerging tech trends and software recommendations content! Your tech audience looks like a perfect fit for our upcoming ugc content creation. Open to collaborating?",2026-10-01T18:48:17.543095,SIMULATED_DM_SENT,simulation,Instagram DM dispatched via simulated workflow to @INF-034
LOG-DM-559D8188,Katherine Wood,@INF-035,Instagram DM,Instagram,Sponsorship,"Hi Katherine, loved your recent emerging tech trends and software recommendations content! Your tech audience looks like a perfect fit for our upcoming sponsorship. Open to collaborating?",2026-10-01T18:48:17.543124,SIMULATED_DM_SENT,simulation,Instagram DM dispatched via simulated workflow to @INF-035
LOG-DM-51B9ED18,Tiffany Hilton,@INF-036,Instagram DM,Instagram,Paid product placement,"Hi Tiffany, loved your recent emerging tech trends and software recommendations content! Your tech audience looks like a perfect fit for our upcoming paid product placement. Open to collaborating?",2026-10-01T18:48:17.543154,SIMULATED_DM_SENT,simulation,Instagram DM dispatched via simulated workflow to @INF-036
LOG-DM-87411F07,Omalix Martinez,@INF-037,Instagram DM,Instagram,Sponsorship,"Hi Omalix, loved your recent emerging tech trends and software recommendations content! Your tech audience looks like a perfect fit for our upcoming sponsorship. Open to collaborating?",2026-10-01T18:48:17.543589,SIMULATED_DM_SENT,simulation,Instagram DM dispatched via simulated workflow to @INF-037
LOG-DM-A100AEE5,Madi Nicole,@INF-038,Instagram DM,Instagram,Paid product placement,"Hi Madi, loved your recent emerging tech trends and software recommendations content! Your tech audience looks like a perfect fit for our upcoming paid product placement. Open to collaborating?",2026-10-01T18:48:17.543629,SIMULATED_DM_SENT,simulation,Instagram DM dispatched via simulated workflow to @INF-038
LOG-DM-822F76D7,Judy Ann Miyara,@INF-039,Instagram DM,Instagram,Sponsorship,"Hi Judy, loved your recent emerging tech trends and software recommendations content! Your tech audience looks like a perfect fit for our upcoming sponsorship. Open to collaborating?",2026-10-01T18:48:17.543661,SIMULATED_DM_SENT,simulation,Instagram DM dispatched via simulated workflow to @INF-039
LOG-DM-F4F74AE3,Sune Beale,@INF-042,Instagram DM,Instagram,UGC content creation,"Hi Sune, loved your recent emerging tech trends and software recommendations content! Your tech audience looks like a perfect fit for our upcoming ugc content creation. Open to collaborating?",2026-10-01T18:48:17.543692,SIMULATED_DM_SENT,simulation,Instagram DM dispatched via simulated workflow to @INF-042
LOG-DM-B5580D98,Nikole,@INF-046,Instagram DM,Instagram,UGC content creation,"Hi Nikole, loved your recent emerging tech trends and software recommendations content! Your tech audience looks like a perfect fit for our upcoming ugc content creation. Open to collaborating?",2026-10-01T18:48:17.543721,SIMULATED_DM_SENT,simulation,Instagram DM dispatched via simulated workflow to @INF-046
LOG-DM-C6CF6DF4,Hely Hernández,@INF-047,Instagram DM,Instagram,Sponsorship,"Hi Hely, loved your recent practical generative ai tools and workflow automation content! Your tech audience looks like a perfect fit for our upcoming sponsorship. Open to collaborating?",2026-10-01T18:48:17.543751,SIMULATED_DM_SENT,simulation,Instagram DM dispatched via simulated workflow to @INF-047
LOG-DM-2F23A228,Theresa Davis,@INF-049,Instagram DM,Instagram,UGC content creation,"Hi Theresa, loved your recent practical generative ai tools and workflow automation content! Your tech audience looks like a perfect fit for our upcoming ugc content creation. Open to collaborating?",2026-10-01T18:48:17.543783,SIMULATED_DM_SENT,simulation,Instagram DM dispatched via simulated workflow to @INF-049
LOG-DM-364DB099,Shubham Saini,@INF-051,Instagram DM,Instagram,Paid product placement,"Hi Shubham, loved your recent emerging tech trends and software recommendations content! Your tech audience looks like a perfect fit for our upcoming paid product placement. Open to collaborating?",2026-10-01T18:48:17.543822,SIMULATED_DM_SENT,simulation,Instagram DM dispatched via simulated workflow to @INF-051
LOG-DM-1975265E,Nazir Jarmajo,@INF-054,Instagram DM,Instagram,Sponsorship,"Hi Nazir, loved your recent practical generative ai tools and workflow automation content! Your tech audience looks like a perfect fit for our upcoming sponsorship. Open to collaborating?",2026-10-01T18:48:17.544163,SIMULATED_DM_SENT,simulation,Instagram DM dispatched via simulated workflow to @INF-054
LOG-DM-D2E61F78,Joyce Ribeiro,@INF-055,Instagram DM,Instagram,UGC content creation,"Hi Joyce, loved your recent emerging tech trends and software recommendations content! Your tech audience looks like a perfect fit for our upcoming ugc content creation. Open to collaborating?",2026-10-01T18:48:17.544237,SIMULATED_DM_SENT,simulation,Instagram DM dispatched via simulated workflow to @INF-055
LOG-DM-0CBEC0C7,Tiffani Butler,@INF-056,Instagram DM,Instagram,Brand ambassador program,"Hi Tiffani, loved your recent emerging tech trends and software recommendations content! Your tech audience looks like a perfect fit for our upcoming brand ambassador program. Open to collaborating?",2026-10-01T18:48:17.544279,SIMULATED_DM_SENT,simulation,Instagram DM dispatched via simulated workflow to @INF-056
LOG-DM-F39F46F6,Mohamad Alkaaby,@INF-057,Instagram DM,Instagram,Sponsorship,"Hi Mohamad, loved your recent emerging tech trends and software recommendations content! Your tech audience looks like a perfect fit for our upcoming sponsorship. Open to collaborating?",2026-10-01T18:48:17.544317,SIMULATED_DM_SENT,simulation,Instagram DM dispatched via simulated workflow to @INF-057
LOG-DM-15799E03,Cezare Tech,@INF-058,Instagram DM,Instagram,Sponsorship,"Hi Cezare, loved your recent practical generative ai tools and workflow automation content! Your tech audience looks like a perfect fit for our upcoming sponsorship. Open to collaborating?",2026-10-01T18:48:17.544347,SIMULATED_DM_SENT,simulation,Instagram DM dispatched via simulated workflow to @INF-058
LOG-EM-259E1E8B,Kimberlyn Padilla,Not Found,Email,TikTok,UGC content creation,"Hi Kimberlyn, I loved your recent breakdown on practical generative ai tools and workflow automation. Your engaging, practical product demos and relatable consumer reviews and highly engaged 18-34 tech audience in Cucuta align seamlessly with our team's mission. We are launching an upcoming ugc content creation and would love to partner with you. We offer paid commercial licensing deal for our upcoming high-growth ad campaigns. Would you be open to reviewing a brief partnership brief this week?",2026-10-01T18:48:17.557465,SKIPPED_NO_EMAIL,simulation,SKIPPED_NO_EMAIL: Influencer has no valid public contact email
LOG-EM-0B8328EB,Diego Montes B,montesbar.diego@gmail.com,Email,TikTok,Sponsorship,"Hi Diego, I loved your recent breakdown on practical generative ai tools and workflow automation. Your professional, business-focused, strategic insights and case studies and highly engaged 18-34 tech audience in Lima align seamlessly with our team's mission. We are launching an upcoming sponsorship and would love to partner with you. We offer competitive flat creator fees with creative freedom on campaign integration. Would you be open to reviewing a brief partnership brief this week?",2026-10-01T18:48:17.557531,SKIPPED_DUPLICATE,simulation,SKIPPED_DUPLICATE: Influencer 'montesbar.diego@gmail.com' already contacted in current or prior campaign
LOG-EM-46FFDFD7,Abdelhamid Oughanem,Not Found,Email,Instagram,Paid product placement,"Hi Abdelhamid, I loved your recent breakdown on practical generative ai tools and workflow automation. Your technical, educational, in-depth tutorials and code walkthroughs and highly engaged 18-34 tech audience in Ottawa align seamlessly with our team's mission. We are launching an upcoming paid product placement and would love to partner with you. We offer dedicated sponsored demo segment highlighting your authentic workflow. Would you be open to reviewing a brief partnership brief this week?",2026-10-01T18:48:17.557560,SKIPPED_NO_EMAIL,simulation,SKIPPED_NO_EMAIL: Influencer has no valid public contact email
LOG-EM-4CB25223,Christopher Dominguez,Not Found,Email,TikTok,Sponsorship,"Hi Christopher, I loved your recent breakdown on desk setup tour and hardware gadget reviews. Your engaging, practical product demos and relatable consumer reviews and highly engaged 18-34 tech audience in Estado de Mexico align seamlessly with our team's mission. We are launching an upcoming sponsorship and would love to partner with you. We offer competitive flat creator fees with creative freedom on campaign integration. Would you be open to reviewing a brief partnership brief this week?",2026-10-01T18:48:17.557571,SKIPPED_NO_EMAIL,simulation,SKIPPED_NO_EMAIL: Influencer has no valid public contact email
LOG-EM-0E5410F7,Wealth Circal,connect@wealthcircle.in,Email,Instagram,Sponsorship,"Hi Wealth, I loved your recent breakdown on practical generative ai tools and workflow automation. Your informative, approachable tech tips and tool highlights and highly engaged 18-34 tech audience in Elbistan align seamlessly with our team's mission. We are launching an upcoming sponsorship and would love to partner with you. We offer competitive flat creator fees with creative freedom on campaign integration. Would you be open to reviewing a brief partnership brief this week?",2026-10-01T18:48:17.557579,SKIPPED_DUPLICATE,simulation,SKIPPED_DUPLICATE: Influencer 'connect@wealthcircle.in' already contacted in current or prior campaign
LOG-EM-538EDB87,Husnain Alvi,Not Found,Email,TikTok,Paid product placement,"Hi Husnain, I loved your recent breakdown on practical generative ai tools and workflow automation. Your engaging, practical product demos and relatable consumer reviews and highly engaged 18-34 tech audience in Lahore align seamlessly with our team's mission. We are launching an upcoming paid product placement and would love to partner with you. We offer dedicated sponsored demo segment highlighting your authentic workflow. Would you be open to reviewing a brief partnership brief this week?",2026-10-01T18:48:17.557590,SKIPPED_NO_EMAIL,simulation,SKIPPED_NO_EMAIL: Influencer has no valid public contact email
LOG-EM-15CE0EAD,Eyad Zein,Not Found,Email,TikTok,Sponsorship,"Hi Eyad, I loved your recent breakdown on emerging tech trends and software recommendations. Your informative, approachable tech tips and tool highlights and highly engaged 18-34 tech audience in Cairo align seamlessly with our team's mission. We are launching an upcoming sponsorship and would love to partner with you. We offer competitive flat creator fees with creative freedom on campaign integration. Would you be open to reviewing a brief partnership brief this week?",2026-10-01T18:48:17.557597,SKIPPED_NO_EMAIL,simulation,SKIPPED_NO_EMAIL: Influencer has no valid public contact email
LOG-EM-CB6A3EC4,Damarion,Not Found,Email,TikTok,Paid product placement,"Hi Damarion, I loved your recent breakdown on practical generative ai tools and workflow automation. Your informative, approachable tech tips and tool highlights and highly engaged 18-34 tech audience in Illinois City align seamlessly with our team's mission. We are launching an upcoming paid product placement and would love to partner with you. We offer dedicated sponsored demo segment highlighting your authentic workflow. Would you be open to reviewing a brief partnership brief this week?",2026-10-01T18:48:17.557605,SKIPPED_NO_EMAIL,simulation,SKIPPED_NO_EMAIL: Influencer has no valid public contact email
LOG-EM-42861DD7,Estrella Campbell,Not Found,Email,Instagram,Sponsorship,"Hi Estrella, I loved your recent breakdown on practical generative ai tools and workflow automation. Your informative, approachable tech tips and tool highlights and highly engaged 18-34 tech audience in Austin align seamlessly with our team's mission. We are launching an upcoming sponsorship and would love to partner with you. We offer competitive flat creator fees with creative freedom on campaign integration. Would you be open to reviewing a brief partnership brief this week?",2026-10-01T18:48:17.557613,SKIPPED_NO_EMAIL,simulation,SKIPPED_NO_EMAIL: Influencer has no valid public contact email
LOG-EM-F4173B52,Isabella Quintero,Not Found,Email,TikTok,Sponsorship,"Hi Isabella, I loved your recent breakdown on practical generative ai tools and workflow automation. Your informative, approachable tech tips and tool highlights and highly engaged 18-34 tech audience in Miami align seamlessly with our team's mission. We are launching an upcoming sponsorship and would love to partner with you. We offer competitive flat creator fees with creative freedom on campaign integration. Would you be open to reviewing a brief partnership brief this week?",2026-10-01T18:48:17.557620,SKIPPED_NO_EMAIL,simulation,SKIPPED_NO_EMAIL: Influencer has no valid public contact email
LOG-EM-524E2A57,Abdul Lathif Ilyas,Not Found,Email,Instagram,Affiliate campaign,"Hi Abdul, I loved your recent breakdown on scaling tech startups and digital transformation case studies. Your professional, business-focused, strategic insights and case studies and highly engaged 18-34 tech audience in Dubai align seamlessly with our team's mission. We are launching an upcoming affiliate campaign and would love to partner with you. We offer high-tier recurring revenue share and custom audience discounts. Would you be open to reviewing a brief partnership brief this week?",2026-10-01T18:48:17.557628,SKIPPED_NO_EMAIL,simulation,SKIPPED_NO_EMAIL: Influencer has no valid public contact email
LOG-EM-37D0E73B,Daniela Jorge,Not Found,Email,Instagram,UGC content creation,"Hi Daniela, I loved your recent breakdown on emerging tech trends and software recommendations. Your engaging, practical product demos and relatable consumer reviews and highly engaged 18-34 tech audience in Miami align seamlessly with our team's mission. We are launching an upcoming ugc content creation and would love to partner with you. We offer paid commercial licensing deal for our upcoming high-growth ad campaigns. Would you be open to reviewing a brief partnership brief this week?",2026-10-01T18:48:17.557636,SKIPPED_NO_EMAIL,simulation,SKIPPED_NO_EMAIL: Influencer has no valid public contact email
LOG-EM-93EB5C3D,Sabrina Puzella,Not Found,Email,Instagram,Sponsorship,"Hi Sabrina, I loved your recent breakdown on emerging tech trends and software recommendations. Your informative, approachable tech tips and tool highlights and highly engaged 18-34 tech audience in Ischia align seamlessly with our team's mission. We are launching an upcoming sponsorship and would love to partner with you. We offer competitive flat creator fees with creative freedom on campaign integration. Would you be open to reviewing a brief partnership brief this week?",2026-10-01T18:48:17.557643,SKIPPED_NO_EMAIL,simulation,SKIPPED_NO_EMAIL: Influencer has no valid public contact email
LOG-EM-7C0BCF86,Regiane Domingues,Not Found,Email,Instagram,UGC content creation,"Hi Regiane, I loved your recent breakdown on emerging tech trends and software recommendations. Your engaging, practical product demos and relatable consumer reviews and highly engaged 18-34 tech audience in Kearny align seamlessly with our team's mission. We are launching an upcoming ugc content creation and would love to partner with you. We offer paid commercial licensing deal for our upcoming high-growth ad campaigns. Would you be open to reviewing a brief partnership brief this week?",2026-10-01T18:48:17.557651,SKIPPED_NO_EMAIL,simulation,SKIPPED_NO_EMAIL: Influencer has no valid public contact email
LOG-EM-A83D0A3F,Vinny Scarpa,Not Found,Email,TikTok,UGC content creation,"Hi Vinny, I loved your recent breakdown on emerging tech trends and software recommendations. Your engaging, practical product demos and relatable consumer reviews and highly engaged 18-34 tech audience in Morristown align seamlessly with our team's mission. We are launching an upcoming ugc content creation and would love to partner with you. We offer paid commercial licensing deal for our upcoming high-growth ad campaigns. Would you be open to reviewing a brief partnership brief this week?",2026-10-01T18:48:17.557659,SKIPPED_NO_EMAIL,simulation,SKIPPED_NO_EMAIL: Influencer has no valid public contact email
LOG-EM-287AB1B2,Katherine Wood,Not Found,Email,Instagram,Sponsorship,"Hi Katherine, I loved your recent breakdown on emerging tech trends and software recommendations. Your informative, approachable tech tips and tool highlights and highly engaged 18-34 tech audience in Phoenix align seamlessly with our team's mission. We are launching an upcoming sponsorship and would love to partner with you. We offer competitive flat creator fees with creative freedom on campaign integration. Would you be open to reviewing a brief partnership brief this week?",2026-10-01T18:48:17.557667,SKIPPED_NO_EMAIL,simulation,SKIPPED_NO_EMAIL: Influencer has no valid public contact email
LOG-EM-B80B0850,Tiffany Hilton,Not Found,Email,Instagram,Paid product placement,"Hi Tiffany, I loved your recent breakdown on emerging tech trends and software recommendations. Your informative, approachable tech tips and tool highlights and highly engaged 18-34 tech audience in Union South Carolina align seamlessly with our team's mission. We are launching an upcoming paid product placement and would love to partner with you. We offer dedicated sponsored demo segment highlighting your authentic workflow. Would you be open to reviewing a brief partnership brief this week?",2026-10-01T18:48:17.557677,SKIPPED_NO_EMAIL,simulation,SKIPPED_NO_EMAIL: Influencer has no valid public contact email
LOG-EM-A9649DAE,Omalix Martinez,Not Found,Email,Instagram,Sponsorship,"Hi Omalix, I loved your recent breakdown on emerging tech trends and software recommendations. Your entertaining, witty, lighthearted tech culture storytelling and highly engaged 18-34 tech audience in Orlando align seamlessly with our team's mission. We are launching an upcoming sponsorship and would love to partner with you. We offer competitive flat creator fees with creative freedom on campaign integration. Would you be open to reviewing a brief partnership brief this week?",2026-10-01T18:48:17.557686,SKIPPED_NO_EMAIL,simulation,SKIPPED_NO_EMAIL: Influencer has no valid public contact email
LOG-EM-5855D7FE,Madi Nicole,Not Found,Email,TikTok,Paid product placement,"Hi Madi, I loved your recent breakdown on emerging tech trends and software recommendations. Your informative, approachable tech tips and tool highlights and highly engaged 18-34 tech audience in Fayetteville align seamlessly with our team's mission. We are launching an upcoming paid product placement and would love to partner with you. We offer dedicated sponsored demo segment highlighting your authentic workflow. Would you be open to reviewing a brief partnership brief this week?",2026-10-01T18:48:17.557694,SKIPPED_NO_EMAIL,simulation,SKIPPED_NO_EMAIL: Influencer has no valid public contact email
LOG-EM-F597E14F,Judy Ann Miyara,Not Found,Email,Instagram,Sponsorship,"Hi Judy, I loved your recent breakdown on emerging tech trends and software recommendations. Your informative, approachable tech tips and tool highlights and highly engaged 18-34 tech audience in Thousand Oaks align seamlessly with our team's mission. We are launching an upcoming sponsorship and would love to partner with you. We offer competitive flat creator fees with creative freedom on campaign integration. Would you be open to reviewing a brief partnership brief this week?",2026-10-01T18:48:17.557702,SKIPPED_NO_EMAIL,simulation,SKIPPED_NO_EMAIL: Influencer has no valid public contact email
LOG-EM-5524FFF5,Sune Beale,Not Found,Email,Instagram,UGC content creation,"Hi Sune, I loved your recent breakdown on emerging tech trends and software recommendations. Your engaging, practical product demos and relatable consumer reviews and highly engaged 18-34 tech audience in Bremen align seamlessly with our team's mission. We are launching an upcoming ugc content creation and would love to partner with you. We offer paid commercial licensing deal for our upcoming high-growth ad campaigns. Would you be open to reviewing a brief partnership brief this week?",2026-10-01T18:48:17.557710,SKIPPED_NO_EMAIL,simulation,SKIPPED_NO_EMAIL: Influencer has no valid public contact email
LOG-EM-B1193DF3,Nikole,Not Found,Email,TikTok,UGC content creation,"Hi Nikole, I loved your recent breakdown on emerging tech trends and software recommendations. Your engaging, practical product demos and relatable consumer reviews and highly engaged 18-34 tech audience in Pedricktown align seamlessly with our team's mission. We are launching an upcoming ugc content creation and would love to partner with you. We offer paid commercial licensing deal for our upcoming high-growth ad campaigns. Would you be open to reviewing a brief partnership brief this week?",2026-10-01T18:48:17.557718,SKIPPED_NO_EMAIL,simulation,SKIPPED_NO_EMAIL: Influencer has no valid public contact email
LOG-EM-038A3AD3,Hely Hernández,Not Found,Email,Instagram,Sponsorship,"Hi Hely, I loved your recent breakdown on practical generative ai tools and workflow automation. Your informative, approachable tech tips and tool highlights and highly engaged 18-34 tech audience in Madrid align seamlessly with our team's mission. We are launching an upcoming sponsorship and would love to partner with you. We offer competitive flat creator fees with creative freedom on campaign integration. Would you be open to reviewing a brief partnership brief this week?",2026-10-01T18:48:17.557726,SKIPPED_NO_EMAIL,simulation,SKIPPED_NO_EMAIL: Influencer has no valid public contact email
LOG-EM-82C24F81,Theresa Davis,Not Found,Email,TikTok,UGC content creation,"Hi Theresa, I loved your recent breakdown on practical generative ai tools and workflow automation. Your engaging, practical product demos and relatable consumer reviews and highly engaged 18-34 tech audience in Kansas City align seamlessly with our team's mission. We are launching an upcoming ugc content creation and would love to partner with you. We offer paid commercial licensing deal for our upcoming high-growth ad campaigns. Would you be open to reviewing a brief partnership brief this week?",2026-10-01T18:48:17.557734,SKIPPED_NO_EMAIL,simulation,SKIPPED_NO_EMAIL: Influencer has no valid public contact email
LOG-EM-46F9F7F4,Shubham Saini,shubham@shubook.in,Email,Instagram,Paid product placement,"Hi Shubham, I loved your recent breakdown on emerging tech trends and software recommendations. Your informative, approachable tech tips and tool highlights and highly engaged 18-34 tech audience in Bangalore align seamlessly with our team's mission. We are launching an upcoming paid product placement and would love to partner with you. We offer dedicated sponsored demo segment highlighting your authentic workflow. Would you be open to reviewing a brief partnership brief this week?",2026-10-01T18:48:17.557745,SKIPPED_DUPLICATE,simulation,SKIPPED_DUPLICATE: Influencer 'shubham@shubook.in' already contacted in current or prior campaign
LOG-EM-EA7A95D5,Nazir Jarmajo,Not Found,Email,TikTok,Sponsorship,"Hi Nazir, I loved your recent breakdown on practical generative ai tools and workflow automation. Your informative, approachable tech tips and tool highlights and highly engaged 18-34 tech audience in Lagos align seamlessly with our team's mission. We are launching an upcoming sponsorship and would love to partner with you. We offer competitive flat creator fees with creative freedom on campaign integration. Would you be open to reviewing a brief partnership brief this week?",2026-10-01T18:48:17.557756,SKIPPED_NO_EMAIL,simulation,SKIPPED_NO_EMAIL: Influencer has no valid public contact email
LOG-EM-6170B1F1,Joyce Ribeiro,Not Found,Email,Instagram,UGC content creation,"Hi Joyce, I loved your recent breakdown on emerging tech trends and software recommendations. Your engaging, practical product demos and relatable consumer reviews and highly engaged 18-34 tech audience in Orlando align seamlessly with our team's mission. We are launching an upcoming ugc content creation and would love to partner with you. We offer paid commercial licensing deal for our upcoming high-growth ad campaigns. Would you be open to reviewing a brief partnership brief this week?",2026-10-01T18:48:17.557764,SKIPPED_NO_EMAIL,simulation,SKIPPED_NO_EMAIL: Influencer has no valid public contact email
LOG-EM-D34BDBD9,Tiffani Butler,Not Found,Email,TikTok,Brand ambassador program,"Hi Tiffani, I loved your recent breakdown on emerging tech trends and software recommendations. Your engaging, practical product demos and relatable consumer reviews and highly engaged 18-34 tech audience in Atlanta align seamlessly with our team's mission. We are launching an upcoming brand ambassador program and would love to partner with you. We offer long-term quarterly retainer with early feature access and co-marketing. Would you be open to reviewing a brief partnership brief this week?",2026-10-01T18:48:17.557772,SKIPPED_NO_EMAIL,simulation,SKIPPED_NO_EMAIL: Influencer has no valid public contact email
LOG-EM-F6E83DC8,Mohamad Alkaaby,Not Found,Email,YouTube,Sponsorship,"Hi Mohamad, I loved your recent breakdown on emerging tech trends and software recommendations. Your informative, approachable tech tips and tool highlights and highly engaged 18-34 tech audience in Windsor align seamlessly with our team's mission. We are launching an upcoming sponsorship and would love to partner with you. We offer competitive flat creator fees with creative freedom on campaign integration. Would you be open to reviewing a brief partnership brief this week?",2026-10-01T18:48:17.557780,SKIPPED_NO_EMAIL,simulation,SKIPPED_NO_EMAIL: Influencer has no valid public contact email
LOG-EM-B33B694F,Cezare Tech,Not Found,Email,TikTok,Sponsorship,"Hi Cezare, I loved your recent breakdown on practical generative ai tools and workflow automation. Your engaging, practical product demos and relatable consumer reviews and highly engaged 18-34 tech audience in Berlin align seamlessly with our team's mission. We are launching an upcoming sponsorship and would love to partner with you. We offer competitive flat creator fees with creative freedom on campaign integration. Would you be open to reviewing a brief partnership brief this week?",2026-10-01T18:48:17.557788,SKIPPED_NO_EMAIL,simulation,SKIPPED_NO_EMAIL: Influencer has no valid public contact email
LOG-EM-C2386E68,Kimberlyn Padilla,Not Found,Email,TikTok,UGC content creation,"Hi Kimberlyn, I loved your recent breakdown on practical generative ai tools and workflow automation. Your engaging, practical product demos and relatable consumer reviews and highly engaged 18-34 tech audience in Cucuta align seamlessly with our team's mission. We are launching an upcoming ugc content creation and would love to partner with you. We offer paid commercial licensing deal for our upcoming high-growth ad campaigns. Would you be open to reviewing a brief partnership brief this week?",2026-10-01T18:49:26.130246,SKIPPED_NO_EMAIL,simulation,SKIPPED_NO_EMAIL: Influencer has no valid public contact email
LOG-EM-21E98D7B,Diego Montes B,montesbar.diego@gmail.com,Email,TikTok,Sponsorship,"Hi Diego, I loved your recent breakdown on practical generative ai tools and workflow automation. Your professional, business-focused, strategic insights and case studies and highly engaged 18-34 tech audience in Lima align seamlessly with our team's mission. We are launching an upcoming sponsorship and would love to partner with you. We offer competitive flat creator fees with creative freedom on campaign integration. Would you be open to reviewing a brief partnership brief this week?",2026-10-01T18:49:26.130274,SKIPPED_DUPLICATE,simulation,SKIPPED_DUPLICATE: Influencer 'montesbar.diego@gmail.com' already contacted in current or prior campaign
LOG-EM-D6FA15F5,Abdelhamid Oughanem,Not Found,Email,Instagram,Paid product placement,"Hi Abdelhamid, I loved your recent breakdown on practical generative ai tools and workflow automation. Your technical, educational, in-depth tutorials and code walkthroughs and highly engaged 18-34 tech audience in Ottawa align seamlessly with our team's mission. We are launching an upcoming paid product placement and would love to partner with you. We offer dedicated sponsored demo segment highlighting your authentic workflow. Would you be open to reviewing a brief partnership brief this week?",2026-10-01T18:49:26.130361,SKIPPED_NO_EMAIL,simulation,SKIPPED_NO_EMAIL: Influencer has no valid public contact email
LOG-EM-05D38E32,Christopher Dominguez,Not Found,Email,TikTok,Sponsorship,"Hi Christopher, I loved your recent breakdown on desk setup tour and hardware gadget reviews. Your engaging, practical product demos and relatable consumer reviews and highly engaged 18-34 tech audience in Estado de Mexico align seamlessly with our team's mission. We are launching an upcoming sponsorship and would love to partner with you. We offer competitive flat creator fees with creative freedom on campaign integration. Would you be open to reviewing a brief partnership brief this week?",2026-10-01T18:49:26.130371,SKIPPED_NO_EMAIL,simulation,SKIPPED_NO_EMAIL: Influencer has no valid public contact email
LOG-EM-706F3633,Wealth Circal,connect@wealthcircle.in,Email,Instagram,Sponsorship,"Hi Wealth, I loved your recent breakdown on practical generative ai tools and workflow automation. Your informative, approachable tech tips and tool highlights and highly engaged 18-34 tech audience in Elbistan align seamlessly with our team's mission. We are launching an upcoming sponsorship and would love to partner with you. We offer competitive flat creator fees with creative freedom on campaign integration. Would you be open to reviewing a brief partnership brief this week?",2026-10-01T18:49:26.130377,SKIPPED_DUPLICATE,simulation,SKIPPED_DUPLICATE: Influencer 'connect@wealthcircle.in' already contacted in current or prior campaign
LOG-EM-9B199E11,Husnain Alvi,Not Found,Email,TikTok,Paid product placement,"Hi Husnain, I loved your recent breakdown on practical generative ai tools and workflow automation. Your engaging, practical product demos and relatable consumer reviews and highly engaged 18-34 tech audience in Lahore align seamlessly with our team's mission. We are launching an upcoming paid product placement and would love to partner with you. We offer dedicated sponsored demo segment highlighting your authentic workflow. Would you be open to reviewing a brief partnership brief this week?",2026-10-01T18:49:26.130385,SKIPPED_NO_EMAIL,simulation,SKIPPED_NO_EMAIL: Influencer has no valid public contact email
LOG-EM-012C8424,Eyad Zein,Not Found,Email,TikTok,Sponsorship,"Hi Eyad, I loved your recent breakdown on emerging tech trends and software recommendations. Your informative, approachable tech tips and tool highlights and highly engaged 18-34 tech audience in Cairo align seamlessly with our team's mission. We are launching an upcoming sponsorship and would love to partner with you. We offer competitive flat creator fees with creative freedom on campaign integration. Would you be open to reviewing a brief partnership brief this week?",2026-10-01T18:49:26.130390,SKIPPED_NO_EMAIL,simulation,SKIPPED_NO_EMAIL: Influencer has no valid public contact email
LOG-EM-E03B95FD,Damarion,Not Found,Email,TikTok,Paid product placement,"Hi Damarion, I loved your recent breakdown on practical generative ai tools and workflow automation. Your informative, approachable tech tips and tool highlights and highly engaged 18-34 tech audience in Illinois City align seamlessly with our team's mission. We are launching an upcoming paid product placement and would love to partner with you. We offer dedicated sponsored demo segment highlighting your authentic workflow. Would you be open to reviewing a brief partnership brief this week?",2026-10-01T18:49:26.130395,SKIPPED_NO_EMAIL,simulation,SKIPPED_NO_EMAIL: Influencer has no valid public contact email
LOG-EM-2BADA454,Estrella Campbell,Not Found,Email,Instagram,Sponsorship,"Hi Estrella, I loved your recent breakdown on practical generative ai tools and workflow automation. Your informative, approachable tech tips and tool highlights and highly engaged 18-34 tech audience in Austin align seamlessly with our team's mission. We are launching an upcoming sponsorship and would love to partner with you. We offer competitive flat creator fees with creative freedom on campaign integration. Would you be open to reviewing a brief partnership brief this week?",2026-10-01T18:49:26.130399,SKIPPED_NO_EMAIL,simulation,SKIPPED_NO_EMAIL: Influencer has no valid public contact email
LOG-EM-9AC8E16E,Isabella Quintero,Not Found,Email,TikTok,Sponsorship,"Hi Isabella, I loved your recent breakdown on practical generative ai tools and workflow automation. Your informative, approachable tech tips and tool highlights and highly engaged 18-34 tech audience in Miami align seamlessly with our team's mission. We are launching an upcoming sponsorship and would love to partner with you. We offer competitive flat creator fees with creative freedom on campaign integration. Would you be open to reviewing a brief partnership brief this week?",2026-10-01T18:49:26.130404,SKIPPED_NO_EMAIL,simulation,SKIPPED_NO_EMAIL: Influencer has no valid public contact email
LOG-EM-0AF46B43,Abdul Lathif Ilyas,Not Found,Email,Instagram,Affiliate campaign,"Hi Abdul, I loved your recent breakdown on scaling tech startups and digital transformation case studies. Your professional, business-focused, strategic insights and case studies and highly engaged 18-34 tech audience in Dubai align seamlessly with our team's mission. We are launching an upcoming affiliate campaign and would love to partner with you. We offer high-tier recurring revenue share and custom audience discounts. Would you be open to reviewing a brief partnership brief this week?",2026-10-01T18:49:26.130408,SKIPPED_NO_EMAIL,simulation,SKIPPED_NO_EMAIL: Influencer has no valid public contact email
LOG-EM-CFBD4ADA,Daniela Jorge,Not Found,Email,Instagram,UGC content creation,"Hi Daniela, I loved your recent breakdown on emerging tech trends and software recommendations. Your engaging, practical product demos and relatable consumer reviews and highly engaged 18-34 tech audience in Miami align seamlessly with our team's mission. We are launching an upcoming ugc content creation and would love to partner with you. We offer paid commercial licensing deal for our upcoming high-growth ad campaigns. Would you be open to reviewing a brief partnership brief this week?",2026-10-01T18:49:26.130412,SKIPPED_NO_EMAIL,simulation,SKIPPED_NO_EMAIL: Influencer has no valid public contact email
LOG-EM-D80A0EDB,Sabrina Puzella,Not Found,Email,Instagram,Sponsorship,"Hi Sabrina, I loved your recent breakdown on emerging tech trends and software recommendations. Your informative, approachable tech tips and tool highlights and highly engaged 18-34 tech audience in Ischia align seamlessly with our team's mission. We are launching an upcoming sponsorship and would love to partner with you. We offer competitive flat creator fees with creative freedom on campaign integration. Would you be open to reviewing a brief partnership brief this week?",2026-10-01T18:49:26.130417,SKIPPED_NO_EMAIL,simulation,SKIPPED_NO_EMAIL: Influencer has no valid public contact email
LOG-EM-EF4C744C,Regiane Domingues,Not Found,Email,Instagram,UGC content creation,"Hi Regiane, I loved your recent breakdown on emerging tech trends and software recommendations. Your engaging, practical product demos and relatable consumer reviews and highly engaged 18-34 tech audience in Kearny align seamlessly with our team's mission. We are launching an upcoming ugc content creation and would love to partner with you. We offer paid commercial licensing deal for our upcoming high-growth ad campaigns. Would you be open to reviewing a brief partnership brief this week?",2026-10-01T18:49:26.130421,SKIPPED_NO_EMAIL,simulation,SKIPPED_NO_EMAIL: Influencer has no valid public contact email
LOG-EM-09C2BC2D,Vinny Scarpa,Not Found,Email,TikTok,UGC content creation,"Hi Vinny, I loved your recent breakdown on emerging tech trends and software recommendations. Your engaging, practical product demos and relatable consumer reviews and highly engaged 18-34 tech audience in Morristown align seamlessly with our team's mission. We are launching an upcoming ugc content creation and would love to partner with you. We offer paid commercial licensing deal for our upcoming high-growth ad campaigns. Would you be open to reviewing a brief partnership brief this week?",2026-10-01T18:49:26.130425,SKIPPED_NO_EMAIL,simulation,SKIPPED_NO_EMAIL: Influencer has no valid public contact email
LOG-EM-52F85F5F,Katherine Wood,Not Found,Email,Instagram,Sponsorship,"Hi Katherine, I loved your recent breakdown on emerging tech trends and software recommendations. Your informative, approachable tech tips and tool highlights and highly engaged 18-34 tech audience in Phoenix align seamlessly with our team's mission. We are launching an upcoming sponsorship and would love to partner with you. We offer competitive flat creator fees with creative freedom on campaign integration. Would you be open to reviewing a brief partnership brief this week?",2026-10-01T18:49:26.130429,SKIPPED_NO_EMAIL,simulation,SKIPPED_NO_EMAIL: Influencer has no valid public contact email
LOG-EM-4660D84B,Tiffany Hilton,Not Found,Email,Instagram,Paid product placement,"Hi Tiffany, I loved your recent breakdown on emerging tech trends and software recommendations. Your informative, approachable tech tips and tool highlights and highly engaged 18-34 tech audience in Union South Carolina align seamlessly with our team's mission. We are launching an upcoming paid product placement and would love to partner with you. We offer dedicated sponsored demo segment highlighting your authentic workflow. Would you be open to reviewing a brief partnership brief this week?",2026-10-01T18:49:26.130434,SKIPPED_NO_EMAIL,simulation,SKIPPED_NO_EMAIL: Influencer has no valid public contact email
LOG-EM-CD76905D,Omalix Martinez,Not Found,Email,Instagram,Sponsorship,"Hi Omalix, I loved your recent breakdown on emerging tech trends and software recommendations. Your entertaining, witty, lighthearted tech culture storytelling and highly engaged 18-34 tech audience in Orlando align seamlessly with our team's mission. We are launching an upcoming sponsorship and would love to partner with you. We offer competitive flat creator fees with creative freedom on campaign integration. Would you be open to reviewing a brief partnership brief this week?",2026-10-01T18:49:26.130438,SKIPPED_NO_EMAIL,simulation,SKIPPED_NO_EMAIL: Influencer has no valid public contact email
LOG-EM-3A8EF8AB,Madi Nicole,Not Found,Email,TikTok,Paid product placement,"Hi Madi, I loved your recent breakdown on emerging tech trends and software recommendations. Your informative, approachable tech tips and tool highlights and highly engaged 18-34 tech audience in Fayetteville align seamlessly with our team's mission. We are launching an upcoming paid product placement and would love to partner with you. We offer dedicated sponsored demo segment highlighting your authentic workflow. Would you be open to reviewing a brief partnership brief this week?",2026-10-01T18:49:26.130442,SKIPPED_NO_EMAIL,simulation,SKIPPED_NO_EMAIL: Influencer has no valid public contact email
LOG-EM-F8DE0A94,Judy Ann Miyara,Not Found,Email,Instagram,Sponsorship,"Hi Judy, I loved your recent breakdown on emerging tech trends and software recommendations. Your informative, approachable tech tips and tool highlights and highly engaged 18-34 tech audience in Thousand Oaks align seamlessly with our team's mission. We are launching an upcoming sponsorship and would love to partner with you. We offer competitive flat creator fees with creative freedom on campaign integration. Would you be open to reviewing a brief partnership brief this week?",2026-10-01T18:49:26.130446,SKIPPED_NO_EMAIL,simulation,SKIPPED_NO_EMAIL: Influencer has no valid public contact email
LOG-EM-CCC65A48,Sune Beale,Not Found,Email,Instagram,UGC content creation,"Hi Sune, I loved your recent breakdown on emerging tech trends and software recommendations. Your engaging, practical product demos and relatable consumer reviews and highly engaged 18-34 tech audience in Bremen align seamlessly with our team's mission. We are launching an upcoming ugc content creation and would love to partner with you. We offer paid commercial licensing deal for our upcoming high-growth ad campaigns. Would you be open to reviewing a brief partnership brief this week?",2026-10-01T18:49:26.130451,SKIPPED_NO_EMAIL,simulation,SKIPPED_NO_EMAIL: Influencer has no valid public contact email
LOG-EM-F71D4FEF,Nikole,Not Found,Email,TikTok,UGC content creation,"Hi Nikole, I loved your recent breakdown on emerging tech trends and software recommendations. Your engaging, practical product demos and relatable consumer reviews and highly engaged 18-34 tech audience in Pedricktown align seamlessly with our team's mission. We are launching an upcoming ugc content creation and would love to partner with you. We offer paid commercial licensing deal for our upcoming high-growth ad campaigns. Would you be open to reviewing a brief partnership brief this week?",2026-10-01T18:49:26.130455,SKIPPED_NO_EMAIL,simulation,SKIPPED_NO_EMAIL: Influencer has no valid public contact email
LOG-EM-8EA9D37A,Hely Hernández,Not Found,Email,Instagram,Sponsorship,"Hi Hely, I loved your recent breakdown on practical generative ai tools and workflow automation. Your informative, approachable tech tips and tool highlights and highly engaged 18-34 tech audience in Madrid align seamlessly with our team's mission. We are launching an upcoming sponsorship and would love to partner with you. We offer competitive flat creator fees with creative freedom on campaign integration. Would you be open to reviewing a brief partnership brief this week?",2026-10-01T18:49:26.130459,SKIPPED_NO_EMAIL,simulation,SKIPPED_NO_EMAIL: Influencer has no valid public contact email
LOG-EM-DDD107C5,Theresa Davis,Not Found,Email,TikTok,UGC content creation,"Hi Theresa, I loved your recent breakdown on practical generative ai tools and workflow automation. Your engaging, practical product demos and relatable consumer reviews and highly engaged 18-34 tech audience in Kansas City align seamlessly with our team's mission. We are launching an upcoming ugc content creation and would love to partner with you. We offer paid commercial licensing deal for our upcoming high-growth ad campaigns. Would you be open to reviewing a brief partnership brief this week?",2026-10-01T18:49:26.130463,SKIPPED_NO_EMAIL,simulation,SKIPPED_NO_EMAIL: Influencer has no valid public contact email
LOG-EM-532C18FA,Shubham Saini,shubham@shubook.in,Email,Instagram,Paid product placement,"Hi Shubham, I loved your recent breakdown on emerging tech trends and software recommendations. Your informative, approachable tech tips and tool highlights and highly engaged 18-34 tech audience in Bangalore align seamlessly with our team's mission. We are launching an upcoming paid product placement and would love to partner with you. We offer dedicated sponsored demo segment highlighting your authentic workflow. Would you be open to reviewing a brief partnership brief this week?",2026-10-01T18:49:26.130467,SKIPPED_DUPLICATE,simulation,SKIPPED_DUPLICATE: Influencer 'shubham@shubook.in' already contacted in current or prior campaign
LOG-EM-CC1379CD,Nazir Jarmajo,Not Found,Email,TikTok,Sponsorship,"Hi Nazir, I loved your recent breakdown on practical generative ai tools and workflow automation. Your informative, approachable tech tips and tool highlights and highly engaged 18-34 tech audience in Lagos align seamlessly with our team's mission. We are launching an upcoming sponsorship and would love to partner with you. We offer competitive flat creator fees with creative freedom on campaign integration. Would you be open to reviewing a brief partnership brief this week?",2026-10-01T18:49:26.130473,SKIPPED_NO_EMAIL,simulation,SKIPPED_NO_EMAIL: Influencer has no valid public contact email
LOG-EM-AF728362,Joyce Ribeiro,Not Found,Email,Instagram,UGC content creation,"Hi Joyce, I loved your recent breakdown on emerging tech trends and software recommendations. Your engaging, practical product demos and relatable consumer reviews and highly engaged 18-34 tech audience in Orlando align seamlessly with our team's mission. We are launching an upcoming ugc content creation and would love to partner with you. We offer paid commercial licensing deal for our upcoming high-growth ad campaigns. Would you be open to reviewing a brief partnership brief this week?",2026-10-01T18:49:26.130477,SKIPPED_NO_EMAIL,simulation,SKIPPED_NO_EMAIL: Influencer has no valid public contact email
LOG-EM-4478689F,Tiffani Butler,Not Found,Email,TikTok,Brand ambassador program,"Hi Tiffani, I loved your recent breakdown on emerging tech trends and software recommendations. Your engaging, practical product demos and relatable consumer reviews and highly engaged 18-34 tech audience in Atlanta align seamlessly with our team's mission. We are launching an upcoming brand ambassador program and would love to partner with you. We offer long-term quarterly retainer with early feature access and co-marketing. Would you be open to reviewing a brief partnership brief this week?",2026-10-01T18:49:26.130481,SKIPPED_NO_EMAIL,simulation,SKIPPED_NO_EMAIL: Influencer has no valid public contact email
LOG-EM-E97E6BCF,Mohamad Alkaaby,Not Found,Email,YouTube,Sponsorship,"Hi Mohamad, I loved your recent breakdown on emerging tech trends and software recommendations. Your informative, approachable tech tips and tool highlights and highly engaged 18-34 tech audience in Windsor align seamlessly with our team's mission. We are launching an upcoming sponsorship and would love to partner with you. We offer competitive flat creator fees with creative freedom on campaign integration. Would you be open to reviewing a brief partnership brief this week?",2026-10-01T18:49:26.130485,SKIPPED_NO_EMAIL,simulation,SKIPPED_NO_EMAIL: Influencer has no valid public contact email
LOG-EM-B62FC230,Cezare Tech,Not Found,Email,TikTok,Sponsorship,"Hi Cezare, I loved your recent breakdown on practical generative ai tools and workflow automation. Your engaging, practical product demos and relatable consumer reviews and highly engaged 18-34 tech audience in Berlin align seamlessly with our team's mission. We are launching an upcoming sponsorship and would love to partner with you. We offer competitive flat creator fees with creative freedom on campaign integration. Would you be open to reviewing a brief partnership brief this week?",2026-10-01T18:49:26.130489,SKIPPED_NO_EMAIL,simulation,SKIPPED_NO_EMAIL: Influencer has no valid public contact email
LOG-DM-04D0C92C,Kimberlyn Padilla,@INF-003,Instagram DM,Instagram,UGC content creation,"Hi Kimberlyn, loved your recent practical generative ai tools and workflow automation content! Your tech audience looks like a perfect fit for our upcoming ugc content creation. Open to collaborating?",2026-10-01T18:49:26.130498,SIMULATED_DM_SENT,simulation,Instagram DM dispatched via simulated workflow to @INF-003
LOG-DM-135FAA8C,Diego Montes B,@INF-004,Instagram DM,Instagram,Sponsorship,"Hi Diego, loved your recent practical generative ai tools and workflow automation content! Your tech audience looks like a perfect fit for our upcoming sponsorship. Open to collaborating?",2026-10-01T18:49:26.130523,SIMULATED_DM_SENT,simulation,Instagram DM dispatched via simulated workflow to @INF-004
LOG-DM-22FB841F,Abdelhamid Oughanem,@INF-009,Instagram DM,Instagram,Paid product placement,"Hi Abdelhamid, loved your recent practical generative ai tools and workflow automation content! Your tech audience looks like a perfect fit for our upcoming paid product placement. Open to collaborating?",2026-10-01T18:49:26.130543,SIMULATED_DM_SENT,simulation,Instagram DM dispatched via simulated workflow to @INF-009
LOG-DM-A241B17A,Christopher Dominguez,@INF-010,Instagram DM,Instagram,Sponsorship,"Hi Christopher, loved your recent desk setup tour and hardware gadget reviews content! Your tech audience looks like a perfect fit for our upcoming sponsorship. Open to collaborating?",2026-10-01T18:49:26.130557,SIMULATED_DM_SENT,simulation,Instagram DM dispatched via simulated workflow to @INF-010
LOG-DM-5CFBB5A4,Wealth Circal,@INF-013,Instagram DM,Instagram,Sponsorship,"Hi Wealth, loved your recent practical generative ai tools and workflow automation content! Your tech audience looks like a perfect fit for our upcoming sponsorship. Open to collaborating?",2026-10-01T18:49:26.130571,SIMULATED_DM_SENT,simulation,Instagram DM dispatched via simulated workflow to @INF-013
LOG-DM-F36E9903,Husnain Alvi,@INF-016,Instagram DM,Instagram,Paid product placement,"Hi Husnain, loved your recent practical generative ai tools and workflow automation content! Your tech audience looks like a perfect fit for our upcoming paid product placement. Open to collaborating?",2026-10-01T18:49:26.130583,SIMULATED_DM_SENT,simulation,Instagram DM dispatched via simulated workflow to @INF-016
LOG-DM-268E2D43,Eyad Zein,@INF-018,Instagram DM,Instagram,Sponsorship,"Hi Eyad, loved your recent emerging tech trends and software recommendations content! Your tech audience looks like a perfect fit for our upcoming sponsorship. Open to collaborating?",2026-10-01T18:49:26.130595,SIMULATED_DM_SENT,simulation,Instagram DM dispatched via simulated workflow to @INF-018
LOG-DM-1CACB7CE,Damarion,@INF-019,Instagram DM,Instagram,Paid product placement,"Hi Damarion, loved your recent practical generative ai tools and workflow automation content! Your tech audience looks like a perfect fit for our upcoming paid product placement. Open to collaborating?",2026-10-01T18:49:26.130607,SIMULATED_DM_SENT,simulation,Instagram DM dispatched via simulated workflow to @INF-019
LOG-DM-DB55C993,Estrella Campbell,@INF-022,Instagram DM,Instagram,Sponsorship,"Hi Estrella, loved your recent practical generative ai tools and workflow automation content! Your tech audience looks like a perfect fit for our upcoming sponsorship. Open to collaborating?",2026-10-01T18:49:26.130619,SIMULATED_DM_SENT,simulation,Instagram DM dispatched via simulated workflow to @INF-022
LOG-DM-9196317C,Isabella Quintero,@INF-025,Instagram DM,Instagram,Sponsorship,"Hi Isabella, loved your recent practical generative ai tools and workflow automation content! Your tech audience looks like a perfect fit for our upcoming sponsorship. Open to collaborating?",2026-10-01T18:49:26.130632,SIMULATED_DM_SENT,simulation,Instagram DM dispatched via simulated workflow to @INF-025
LOG-DM-8DF8220A,Abdul Lathif Ilyas,@INF-028,Instagram DM,Instagram,Affiliate campaign,"Hi Abdul, loved your recent scaling tech startups and digital transformation case studies content! Your tech audience looks like a perfect fit for our upcoming affiliate campaign. Open to collaborating?",2026-10-01T18:49:26.130853,SIMULATED_DM_SENT,simulation,Instagram DM dispatched via simulated workflow to @INF-028
LOG-DM-4C52140C,Daniela Jorge,@INF-029,Instagram DM,Instagram,UGC content creation,"Hi Daniela, loved your recent emerging tech trends and software recommendations content! Your tech audience looks like a perfect fit for our upcoming ugc content creation. Open to collaborating?",2026-10-01T18:49:26.130906,SIMULATED_DM_SENT,simulation,Instagram DM dispatched via simulated workflow to @INF-029
LOG-DM-F4867095,Sabrina Puzella,@INF-031,Instagram DM,Instagram,Sponsorship,"Hi Sabrina, loved your recent emerging tech trends and software recommendations content! Your tech audience looks like a perfect fit for our upcoming sponsorship. Open to collaborating?",2026-10-01T18:49:26.130930,SIMULATED_DM_SENT,simulation,Instagram DM dispatched via simulated workflow to @INF-031
LOG-DM-90961D58,Regiane Domingues,@INF-032,Instagram DM,Instagram,UGC content creation,"Hi Regiane, loved your recent emerging tech trends and software recommendations content! Your tech audience looks like a perfect fit for our upcoming ugc content creation. Open to collaborating?",2026-10-01T18:49:26.130948,SIMULATED_DM_SENT,simulation,Instagram DM dispatched via simulated workflow to @INF-032
LOG-DM-CADA70E8,Vinny Scarpa,@INF-034,Instagram DM,Instagram,UGC content creation,"Hi Vinny, loved your recent emerging tech trends and software recommendations content! Your tech audience looks like a perfect fit for our upcoming ugc content creation. Open to collaborating?",2026-10-01T18:49:26.130963,SIMULATED_DM_SENT,simulation,Instagram DM dispatched via simulated workflow to @INF-034
LOG-DM-6F6E8BB8,Katherine Wood,@INF-035,Instagram DM,Instagram,Sponsorship,"Hi Katherine, loved your recent emerging tech trends and software recommendations content! Your tech audience looks like a perfect fit for our upcoming sponsorship. Open to collaborating?",2026-10-01T18:49:26.130977,SIMULATED_DM_SENT,simulation,Instagram DM dispatched via simulated workflow to @INF-035
LOG-DM-DF869F7E,Tiffany Hilton,@INF-036,Instagram DM,Instagram,Paid product placement,"Hi Tiffany, loved your recent emerging tech trends and software recommendations content! Your tech audience looks like a perfect fit for our upcoming paid product placement. Open to collaborating?",2026-10-01T18:49:26.130991,SIMULATED_DM_SENT,simulation,Instagram DM dispatched via simulated workflow to @INF-036
LOG-DM-BD5ABB42,Omalix Martinez,@INF-037,Instagram DM,Instagram,Sponsorship,"Hi Omalix, loved your recent emerging tech trends and software recommendations content! Your tech audience looks like a perfect fit for our upcoming sponsorship. Open to collaborating?",2026-10-01T18:49:26.131006,SIMULATED_DM_SENT,simulation,Instagram DM dispatched via simulated workflow to @INF-037
LOG-DM-1D089C6D,Madi Nicole,@INF-038,Instagram DM,Instagram,Paid product placement,"Hi Madi, loved your recent emerging tech trends and software recommendations content! Your tech audience looks like a perfect fit for our upcoming paid product placement. Open to collaborating?",2026-10-01T18:49:26.131021,SIMULATED_DM_SENT,simulation,Instagram DM dispatched via simulated workflow to @INF-038
LOG-DM-E6C59170,Judy Ann Miyara,@INF-039,Instagram DM,Instagram,Sponsorship,"Hi Judy, loved your recent emerging tech trends and software recommendations content! Your tech audience looks like a perfect fit for our upcoming sponsorship. Open to collaborating?",2026-10-01T18:49:26.131034,SIMULATED_DM_SENT,simulation,Instagram DM dispatched via simulated workflow to @INF-039
LOG-DM-AD162A6E,Sune Beale,@INF-042,Instagram DM,Instagram,UGC content creation,"Hi Sune, loved your recent emerging tech trends and software recommendations content! Your tech audience looks like a perfect fit for our upcoming ugc content creation. Open to collaborating?",2026-10-01T18:49:26.131046,SIMULATED_DM_SENT,simulation,Instagram DM dispatched via simulated workflow to @INF-042
LOG-DM-6A2CFC8D,Nikole,@INF-046,Instagram DM,Instagram,UGC content creation,"Hi Nikole, loved your recent emerging tech trends and software recommendations content! Your tech audience looks like a perfect fit for our upcoming ugc content creation. Open to collaborating?",2026-10-01T18:49:26.131058,SIMULATED_DM_SENT,simulation,Instagram DM dispatched via simulated workflow to @INF-046
LOG-DM-1192D504,Hely Hernández,@INF-047,Instagram DM,Instagram,Sponsorship,"Hi Hely, loved your recent practical generative ai tools and workflow automation content! Your tech audience looks like a perfect fit for our upcoming sponsorship. Open to collaborating?",2026-10-01T18:49:26.131070,SIMULATED_DM_SENT,simulation,Instagram DM dispatched via simulated workflow to @INF-047
LOG-DM-ECDFB310,Theresa Davis,@INF-049,Instagram DM,Instagram,UGC content creation,"Hi Theresa, loved your recent practical generative ai tools and workflow automation content! Your tech audience looks like a perfect fit for our upcoming ugc content creation. Open to collaborating?",2026-10-01T18:49:26.131083,SIMULATED_DM_SENT,simulation,Instagram DM dispatched via simulated workflow to @INF-049
LOG-DM-FAC2CB18,Shubham Saini,@INF-051,Instagram DM,Instagram,Paid product placement,"Hi Shubham, loved your recent emerging tech trends and software recommendations content! Your tech audience looks like a perfect fit for our upcoming paid product placement. Open to collaborating?",2026-10-01T18:49:26.131095,SIMULATED_DM_SENT,simulation,Instagram DM dispatched via simulated workflow to @INF-051
LOG-DM-5D9AF4F9,Nazir Jarmajo,@INF-054,Instagram DM,Instagram,Sponsorship,"Hi Nazir, loved your recent practical generative ai tools and workflow automation content! Your tech audience looks like a perfect fit for our upcoming sponsorship. Open to collaborating?",2026-10-01T18:49:26.131109,SIMULATED_DM_SENT,simulation,Instagram DM dispatched via simulated workflow to @INF-054
LOG-DM-CF89C60B,Joyce Ribeiro,@INF-055,Instagram DM,Instagram,UGC content creation,"Hi Joyce, loved your recent emerging tech trends and software recommendations content! Your tech audience looks like a perfect fit for our upcoming ugc content creation. Open to collaborating?",2026-10-01T18:49:26.131289,SIMULATED_DM_SENT,simulation,Instagram DM dispatched via simulated workflow to @INF-055
LOG-DM-5C8ADDC9,Tiffani Butler,@INF-056,Instagram DM,Instagram,Brand ambassador program,"Hi Tiffani, loved your recent emerging tech trends and software recommendations content! Your tech audience looks like a perfect fit for our upcoming brand ambassador program. Open to collaborating?",2026-10-01T18:49:26.131320,SIMULATED_DM_SENT,simulation,Instagram DM dispatched via simulated workflow to @INF-056
LOG-DM-FF26548E,Mohamad Alkaaby,@INF-057,Instagram DM,Instagram,Sponsorship,"Hi Mohamad, loved your recent emerging tech trends and software recommendations content! Your tech audience looks like a perfect fit for our upcoming sponsorship. Open to collaborating?",2026-10-01T18:49:26.131337,SIMULATED_DM_SENT,simulation,Instagram DM dispatched via simulated workflow to @INF-057
LOG-DM-383B9B71,Cezare Tech,@INF-058,Instagram DM,Instagram,Sponsorship,"Hi Cezare, loved your recent practical generative ai tools and workflow automation content! Your tech audience looks like a perfect fit for our upcoming sponsorship. Open to collaborating?",2026-10-01T18:49:26.131365,SIMULATED_DM_SENT,simulation,Instagram DM dispatched via simulated workflow to @INF-058
