Influencer_ID,Influencer_Name,Platform,Contact_Email,Collaboration_Angle,Email_Subject,Email_Pitch,Email_Word_Count,Email_Valid_Length (60-90),Instagram_DM,DM_Word_Count,DM_Valid_Length (15-30),Value_Proposition
INF-003,Kimberlyn Padilla,TikTok,Not Found,UGC content creation,Collaboration inquiry with Kimberlyn – UGC content creation for Practical Generative AI tools and workflow automation,"Hi Kimberlyn, I loved your recent breakdown on practical generative ai tools and workflow automation. Your engaging, practical product demos and relatable consumer reviews and highly engaged 18-34 tech audience in Cucuta align seamlessly with our team's mission. We are launching an upcoming ugc content creation and would love to partner with you. We offer paid commercial licensing deal for our upcoming high-growth ad campaigns. Would you be open to reviewing a brief partnership brief this week?",77,YES,"Hi Kimberlyn, loved your recent practical generative ai tools and workflow automation content! Your tech audience looks like a perfect fit for our upcoming ugc content creation. Open to collaborating?",30,YES,Paid commercial licensing deal for our upcoming high-growth ad campaigns.
INF-004,Diego Montes B,TikTok,montesbar.diego@gmail.com,Sponsorship,Collaboration inquiry with Diego – Sponsorship for Practical Generative AI tools and workflow automation,"Hi Diego, I loved your recent breakdown on practical generative ai tools and workflow automation. Your professional, business-focused, strategic insights and case studies and highly engaged 18-34 tech audience in Lima align seamlessly with our team's mission. We are launching an upcoming sponsorship and would love to partner with you. We offer competitive flat creator fees with creative freedom on campaign integration. Would you be open to reviewing a brief partnership brief this week?",74,YES,"Hi Diego, loved your recent practical generative ai tools and workflow automation content! Your tech audience looks like a perfect fit for our upcoming sponsorship. Open to collaborating?",28,YES,Competitive flat creator fees with creative freedom on campaign integration.
INF-009,Abdelhamid Oughanem,Instagram,Not Found,Paid product placement,Collaboration inquiry with Abdelhamid – Paid product placement for Practical Generative AI tools and workflow automation,"Hi Abdelhamid, I loved your recent breakdown on practical generative ai tools and workflow automation. Your technical, educational, in-depth tutorials and code walkthroughs and highly engaged 18-34 tech audience in Ottawa align seamlessly with our team's mission. We are launching an upcoming paid product placement and would love to partner with you. We offer dedicated sponsored demo segment highlighting your authentic workflow. Would you be open to reviewing a brief partnership brief this week?",74,YES,"Hi Abdelhamid, loved your recent practical generative ai tools and workflow automation content! Your tech audience looks like a perfect fit for our upcoming paid product placement. Open to collaborating?",30,YES,Dedicated sponsored demo segment highlighting your authentic workflow.
INF-010,Christopher Dominguez,TikTok,Not Found,Sponsorship,Collaboration inquiry with Christopher – Sponsorship for Desk setup tour and hardware gadget reviews,"Hi Christopher, I loved your recent breakdown on desk setup tour and hardware gadget reviews. Your engaging, practical product demos and relatable consumer reviews and highly engaged 18-34 tech audience in Estado de Mexico align seamlessly with our team's mission. We are launching an upcoming sponsorship and would love to partner with you. We offer competitive flat creator fees with creative freedom on campaign integration. Would you be open to reviewing a brief partnership brief this week?",77,YES,"Hi Christopher, loved your recent desk setup tour and hardware gadget reviews content! Your tech audience looks like a perfect fit for our upcoming sponsorship. Open to collaborating?",28,YES,Competitive flat creator fees with creative freedom on campaign integration.
INF-013,Wealth Circal,Instagram,connect@wealthcircle.in,Sponsorship,Collaboration inquiry with Wealth – Sponsorship for Practical Generative AI tools and workflow automation,"Hi Wealth, I loved your recent breakdown on practical generative ai tools and workflow automation. Your informative, approachable tech tips and tool highlights and highly engaged 18-34 tech audience in Elbistan align seamlessly with our team's mission. We are launching an upcoming sponsorship and would love to partner with you. We offer competitive flat creator fees with creative freedom on campaign integration. Would you be open to reviewing a brief partnership brief this week?",74,YES,"Hi Wealth, loved your recent practical generative ai tools and workflow automation content! Your tech audience looks like a perfect fit for our upcoming sponsorship. Open to collaborating?",28,YES,Competitive flat creator fees with creative freedom on campaign integration.
INF-016,Husnain Alvi,TikTok,Not Found,Paid product placement,Collaboration inquiry with Husnain – Paid product placement for Practical Generative AI tools and workflow automation,"Hi Husnain, I loved your recent breakdown on practical generative ai tools and workflow automation. Your engaging, practical product demos and relatable consumer reviews and highly engaged 18-34 tech audience in Lahore align seamlessly with our team's mission. We are launching an upcoming paid product placement and would love to partner with you. We offer dedicated sponsored demo segment highlighting your authentic workflow. Would you be open to reviewing a brief partnership brief this week?",75,YES,"Hi Husnain, loved your recent practical generative ai tools and workflow automation content! Your tech audience looks like a perfect fit for our upcoming paid product placement. Open to collaborating?",30,YES,Dedicated sponsored demo segment highlighting your authentic workflow.
INF-018,Eyad Zein,TikTok,Not Found,Sponsorship,Collaboration inquiry with Eyad – Sponsorship for Emerging tech trends and software recommendations,"Hi Eyad, I loved your recent breakdown on emerging tech trends and software recommendations. Your informative, approachable tech tips and tool highlights and highly engaged 18-34 tech audience in Cairo align seamlessly with our team's mission. We are launching an upcoming sponsorship and would love to partner with you. We offer competitive flat creator fees with creative freedom on campaign integration. Would you be open to reviewing a brief partnership brief this week?",73,YES,"Hi Eyad, loved your recent emerging tech trends and software recommendations content! Your tech audience looks like a perfect fit for our upcoming sponsorship. Open to collaborating?",27,YES,Competitive flat creator fees with creative freedom on campaign integration.
INF-019,Damarion,TikTok,Not Found,Paid product placement,Collaboration inquiry with Damarion – Paid product placement for Practical Generative AI tools and workflow automation,"Hi Damarion, I loved your recent breakdown on practical generative ai tools and workflow automation. Your informative, approachable tech tips and tool highlights and highly engaged 18-34 tech audience in Illinois City align seamlessly with our team's mission. We are launching an upcoming paid product placement and would love to partner with you. We offer dedicated sponsored demo segment highlighting your authentic workflow. Would you be open to reviewing a brief partnership brief this week?",75,YES,"Hi Damarion, loved your recent practical generative ai tools and workflow automation content! Your tech audience looks like a perfect fit for our upcoming paid product placement. Open to collaborating?",30,YES,Dedicated sponsored demo segment highlighting your authentic workflow.
INF-022,Estrella Campbell,Instagram,Not Found,Sponsorship,Collaboration inquiry with Estrella – Sponsorship for Practical Generative AI tools and workflow automation,"Hi Estrella, I loved your recent breakdown on practical generative ai tools and workflow automation. Your informative, approachable tech tips and tool highlights and highly engaged 18-34 tech audience in Austin align seamlessly with our team's mission. We are launching an upcoming sponsorship and would love to partner with you. We offer competitive flat creator fees with creative freedom on campaign integration. Would you be open to reviewing a brief partnership brief this week?",74,YES,"Hi Estrella, loved your recent practical generative ai tools and workflow automation content! Your tech audience looks like a perfect fit for our upcoming sponsorship. Open to collaborating?",28,YES,Competitive flat creator fees with creative freedom on campaign integration.
INF-025,Isabella Quintero,TikTok,Not Found,Sponsorship,Collaboration inquiry with Isabella – Sponsorship for Practical Generative AI tools and workflow automation,"Hi Isabella, I loved your recent breakdown on practical generative ai tools and workflow automation. Your informative, approachable tech tips and tool highlights and highly engaged 18-34 tech audience in Miami align seamlessly with our team's mission. We are launching an upcoming sponsorship and would love to partner with you. We offer competitive flat creator fees with creative freedom on campaign integration. Would you be open to reviewing a brief partnership brief this week?",74,YES,"Hi Isabella, loved your recent practical generative ai tools and workflow automation content! Your tech audience looks like a perfect fit for our upcoming sponsorship. Open to collaborating?",28,YES,Competitive flat creator fees with creative freedom on campaign integration.
INF-028,Abdul Lathif Ilyas,Instagram,Not Found,Affiliate campaign,Collaboration inquiry with Abdul – Affiliate campaign for Scaling tech startups and digital transformation case studies,"Hi Abdul, I loved your recent breakdown on scaling tech startups and digital transformation case studies. Your professional, business-focused, strategic insights and case studies and highly engaged 18-34 tech audience in Dubai align seamlessly with our team's mission. We are launching an upcoming affiliate campaign and would love to partner with you. We offer high-tier recurring revenue share and custom audience discounts. Would you be open to reviewing a brief partnership brief this week?",74,YES,"Hi Abdul, loved your recent scaling tech startups and digital transformation case studies content! Your tech audience looks like a perfect fit for our upcoming affiliate campaign. Open to collaborating?",30,YES,High-tier recurring revenue share and custom audience discounts.
INF-029,Daniela Jorge,Instagram,Not Found,UGC content creation,Collaboration inquiry with Daniela – UGC content creation for Emerging tech trends and software recommendations,"Hi Daniela, I loved your recent breakdown on emerging tech trends and software recommendations. Your engaging, practical product demos and relatable consumer reviews and highly engaged 18-34 tech audience in Miami align seamlessly with our team's mission. We are launching an upcoming ugc content creation and would love to partner with you. We offer paid commercial licensing deal for our upcoming high-growth ad campaigns. Would you be open to reviewing a brief partnership brief this week?",76,YES,"Hi Daniela, loved your recent emerging tech trends and software recommendations content! Your tech audience looks like a perfect fit for our upcoming ugc content creation. Open to collaborating?",29,YES,Paid commercial licensing deal for our upcoming high-growth ad campaigns.
INF-031,Sabrina Puzella,Instagram,Not Found,Sponsorship,Collaboration inquiry with Sabrina – Sponsorship for Emerging tech trends and software recommendations,"Hi Sabrina, I loved your recent breakdown on emerging tech trends and software recommendations. Your informative, approachable tech tips and tool highlights and highly engaged 18-34 tech audience in Ischia align seamlessly with our team's mission. We are launching an upcoming sponsorship and would love to partner with you. We offer competitive flat creator fees with creative freedom on campaign integration. Would you be open to reviewing a brief partnership brief this week?",73,YES,"Hi Sabrina, loved your recent emerging tech trends and software recommendations content! Your tech audience looks like a perfect fit for our upcoming sponsorship. Open to collaborating?",27,YES,Competitive flat creator fees with creative freedom on campaign integration.
INF-032,Regiane Domingues,Instagram,Not Found,UGC content creation,Collaboration inquiry with Regiane – UGC content creation for Emerging tech trends and software recommendations,"Hi Regiane, I loved your recent breakdown on emerging tech trends and software recommendations. Your engaging, practical product demos and relatable consumer reviews and highly engaged 18-34 tech audience in Kearny align seamlessly with our team's mission. We are launching an upcoming ugc content creation and would love to partner with you. We offer paid commercial licensing deal for our upcoming high-growth ad campaigns. Would you be open to reviewing a brief partnership brief this week?",76,YES,"Hi Regiane, loved your recent emerging tech trends and software recommendations content! Your tech audience looks like a perfect fit for our upcoming ugc content creation. Open to collaborating?",29,YES,Paid commercial licensing deal for our upcoming high-growth ad campaigns.
INF-034,Vinny Scarpa,TikTok,Not Found,UGC content creation,Collaboration inquiry with Vinny – UGC content creation for Emerging tech trends and software recommendations,"Hi Vinny, I loved your recent breakdown on emerging tech trends and software recommendations. Your engaging, practical product demos and relatable consumer reviews and highly engaged 18-34 tech audience in Morristown align seamlessly with our team's mission. We are launching an upcoming ugc content creation and would love to partner with you. We offer paid commercial licensing deal for our upcoming high-growth ad campaigns. Would you be open to reviewing a brief partnership brief this week?",76,YES,"Hi Vinny, loved your recent emerging tech trends and software recommendations content! Your tech audience looks like a perfect fit for our upcoming ugc content creation. Open to collaborating?",29,YES,Paid commercial licensing deal for our upcoming high-growth ad campaigns.
INF-035,Katherine Wood,Instagram,Not Found,Sponsorship,Collaboration inquiry with Katherine – Sponsorship for Emerging tech trends and software recommendations,"Hi Katherine, I loved your recent breakdown on emerging tech trends and software recommendations. Your informative, approachable tech tips and tool highlights and highly engaged 18-34 tech audience in Phoenix align seamlessly with our team's mission. We are launching an upcoming sponsorship and would love to partner with you. We offer competitive flat creator fees with creative freedom on campaign integration. Would you be open to reviewing a brief partnership brief this week?",73,YES,"Hi Katherine, loved your recent emerging tech trends and software recommendations content! Your tech audience looks like a perfect fit for our upcoming sponsorship. Open to collaborating?",27,YES,Competitive flat creator fees with creative freedom on campaign integration.
INF-036,Tiffany Hilton,Instagram,Not Found,Paid product placement,Collaboration inquiry with Tiffany – Paid product placement for Emerging tech trends and software recommendations,"Hi Tiffany, I loved your recent breakdown on emerging tech trends and software recommendations. Your informative, approachable tech tips and tool highlights and highly engaged 18-34 tech audience in Union South Carolina align seamlessly with our team's mission. We are launching an upcoming paid product placement and would love to partner with you. We offer dedicated sponsored demo segment highlighting your authentic workflow. Would you be open to reviewing a brief partnership brief this week?",75,YES,"Hi Tiffany, loved your recent emerging tech trends and software recommendations content! Your tech audience looks like a perfect fit for our upcoming paid product placement. Open to collaborating?",29,YES,Dedicated sponsored demo segment highlighting your authentic workflow.
INF-037,Omalix Martinez,Instagram,Not Found,Sponsorship,Collaboration inquiry with Omalix – Sponsorship for Emerging tech trends and software recommendations,"Hi Omalix, I loved your recent breakdown on emerging tech trends and software recommendations. Your entertaining, witty, lighthearted tech culture storytelling and highly engaged 18-34 tech audience in Orlando align seamlessly with our team's mission. We are launching an upcoming sponsorship and would love to partner with you. We offer competitive flat creator fees with creative freedom on campaign integration. Would you be open to reviewing a brief partnership brief this week?",72,YES,"Hi Omalix, loved your recent emerging tech trends and software recommendations content! Your tech audience looks like a perfect fit for our upcoming sponsorship. Open to collaborating?",27,YES,Competitive flat creator fees with creative freedom on campaign integration.
INF-038,Madi Nicole,TikTok,Not Found,Paid product placement,Collaboration inquiry with Madi – Paid product placement for Emerging tech trends and software recommendations,"Hi Madi, I loved your recent breakdown on emerging tech trends and software recommendations. Your informative, approachable tech tips and tool highlights and highly engaged 18-34 tech audience in Fayetteville align seamlessly with our team's mission. We are launching an upcoming paid product placement and would love to partner with you. We offer dedicated sponsored demo segment highlighting your authentic workflow. Would you be open to reviewing a brief partnership brief this week?",73,YES,"Hi Madi, loved your recent emerging tech trends and software recommendations content! Your tech audience looks like a perfect fit for our upcoming paid product placement. Open to collaborating?",29,YES,Dedicated sponsored demo segment highlighting your authentic workflow.
INF-039,Judy Ann Miyara,Instagram,Not Found,Sponsorship,Collaboration inquiry with Judy – Sponsorship for Emerging tech trends and software recommendations,"Hi Judy, I loved your recent breakdown on emerging tech trends and software recommendations. Your informative, approachable tech tips and tool highlights and highly engaged 18-34 tech audience in Thousand Oaks align seamlessly with our team's mission. We are launching an upcoming sponsorship and would love to partner with you. We offer competitive flat creator fees with creative freedom on campaign integration. Would you be open to reviewing a brief partnership brief this week?",74,YES,"Hi Judy, loved your recent emerging tech trends and software recommendations content! Your tech audience looks like a perfect fit for our upcoming sponsorship. Open to collaborating?",27,YES,Competitive flat creator fees with creative freedom on campaign integration.
INF-042,Sune Beale,Instagram,Not Found,UGC content creation,Collaboration inquiry with Sune – UGC content creation for Emerging tech trends and software recommendations,"Hi Sune, I loved your recent breakdown on emerging tech trends and software recommendations. Your engaging, practical product demos and relatable consumer reviews and highly engaged 18-34 tech audience in Bremen align seamlessly with our team's mission. We are launching an upcoming ugc content creation and would love to partner with you. We offer paid commercial licensing deal for our upcoming high-growth ad campaigns. Would you be open to reviewing a brief partnership brief this week?",76,YES,"Hi Sune, loved your recent emerging tech trends and software recommendations content! Your tech audience looks like a perfect fit for our upcoming ugc content creation. Open to collaborating?",29,YES,Paid commercial licensing deal for our upcoming high-growth ad campaigns.
INF-046,Nikole,TikTok,Not Found,UGC content creation,Collaboration inquiry with Nikole – UGC content creation for Emerging tech trends and software recommendations,"Hi Nikole, I loved your recent breakdown on emerging tech trends and software recommendations. Your engaging, practical product demos and relatable consumer reviews and highly engaged 18-34 tech audience in Pedricktown align seamlessly with our team's mission. We are launching an upcoming ugc content creation and would love to partner with you. We offer paid commercial licensing deal for our upcoming high-growth ad campaigns. Would you be open to reviewing a brief partnership brief this week?",76,YES,"Hi Nikole, loved your recent emerging tech trends and software recommendations content! Your tech audience looks like a perfect fit for our upcoming ugc content creation. Open to collaborating?",29,YES,Paid commercial licensing deal for our upcoming high-growth ad campaigns.
INF-047,Hely Hernández,Instagram,Not Found,Sponsorship,Collaboration inquiry with Hely – Sponsorship for Practical Generative AI tools and workflow automation,"Hi Hely, I loved your recent breakdown on practical generative ai tools and workflow automation. Your informative, approachable tech tips and tool highlights and highly engaged 18-34 tech audience in Madrid align seamlessly with our team's mission. We are launching an upcoming sponsorship and would love to partner with you. We offer competitive flat creator fees with creative freedom on campaign integration. Would you be open to reviewing a brief partnership brief this week?",74,YES,"Hi Hely, loved your recent practical generative ai tools and workflow automation content! Your tech audience looks like a perfect fit for our upcoming sponsorship. Open to collaborating?",28,YES,Competitive flat creator fees with creative freedom on campaign integration.
INF-049,Theresa Davis,TikTok,Not Found,UGC content creation,Collaboration inquiry with Theresa – UGC content creation for Practical Generative AI tools and workflow automation,"Hi Theresa, I loved your recent breakdown on practical generative ai tools and workflow automation. Your engaging, practical product demos and relatable consumer reviews and highly engaged 18-34 tech audience in Kansas City align seamlessly with our team's mission. We are launching an upcoming ugc content creation and would love to partner with you. We offer paid commercial licensing deal for our upcoming high-growth ad campaigns. Would you be open to reviewing a brief partnership brief this week?",78,YES,"Hi Theresa, loved your recent practical generative ai tools and workflow automation content! Your tech audience looks like a perfect fit for our upcoming ugc content creation. Open to collaborating?",30,YES,Paid commercial licensing deal for our upcoming high-growth ad campaigns.
INF-051,Shubham Saini,Instagram,shubham@shubook.in,Paid product placement,Collaboration inquiry with Shubham – Paid product placement for Emerging tech trends and software recommendations,"Hi Shubham, I loved your recent breakdown on emerging tech trends and software recommendations. Your informative, approachable tech tips and tool highlights and highly engaged 18-34 tech audience in Bangalore align seamlessly with our team's mission. We are launching an upcoming paid product placement and would love to partner with you. We offer dedicated sponsored demo segment highlighting your authentic workflow. Would you be open to reviewing a brief partnership brief this week?",73,YES,"Hi Shubham, loved your recent emerging tech trends and software recommendations content! Your tech audience looks like a perfect fit for our upcoming paid product placement. Open to collaborating?",29,YES,Dedicated sponsored demo segment highlighting your authentic workflow.
INF-054,Nazir Jarmajo,TikTok,Not Found,Sponsorship,Collaboration inquiry with Nazir – Sponsorship for Practical Generative AI tools and workflow automation,"Hi Nazir, I loved your recent breakdown on practical generative ai tools and workflow automation. Your informative, approachable tech tips and tool highlights and highly engaged 18-34 tech audience in Lagos align seamlessly with our team's mission. We are launching an upcoming sponsorship and would love to partner with you. We offer competitive flat creator fees with creative freedom on campaign integration. Would you be open to reviewing a brief partnership brief this week?",74,YES,"Hi Nazir, loved your recent practical generative ai tools and workflow automation content! Your tech audience looks like a perfect fit for our upcoming sponsorship. Open to collaborating?",28,YES,Competitive flat creator fees with creative freedom on campaign integration.
INF-055,Joyce Ribeiro,Instagram,Not Found,UGC content creation,Collaboration inquiry with Joyce – UGC content creation for Emerging tech trends and software recommendations,"Hi Joyce, I loved your recent breakdown on emerging tech trends and software recommendations. Your engaging, practical product demos and relatable consumer reviews and highly engaged 18-34 tech audience in Orlando align seamlessly with our team's mission. We are launching an upcoming ugc content creation and would love to partner with you. We offer paid commercial licensing deal for our upcoming high-growth ad campaigns. Would you be open to reviewing a brief partnership brief this week?",76,YES,"Hi Joyce, loved your recent emerging tech trends and software recommendations content! Your tech audience looks like a perfect fit for our upcoming ugc content creation. Open to collaborating?",29,YES,Paid commercial licensing deal for our upcoming high-growth ad campaigns.
INF-056,Tiffani Butler,TikTok,Not Found,Brand ambassador program,Collaboration inquiry with Tiffani – Brand ambassador program for Emerging tech trends and software recommendations,"Hi Tiffani, I loved your recent breakdown on emerging tech trends and software recommendations. Your engaging, practical product demos and relatable consumer reviews and highly engaged 18-34 tech audience in Atlanta align seamlessly with our team's mission. We are launching an upcoming brand ambassador program and would love to partner with you. We offer long-term quarterly retainer with early feature access and co-marketing. Would you be open to reviewing a brief partnership brief this week?",75,YES,"Hi Tiffani, loved your recent emerging tech trends and software recommendations content! Your tech audience looks like a perfect fit for our upcoming brand ambassador program. Open to collaborating?",29,YES,Long-term quarterly retainer with early feature access and co-marketing.
INF-057,Mohamad Alkaaby,YouTube,Not Found,Sponsorship,Collaboration inquiry with Mohamad – Sponsorship for Emerging tech trends and software recommendations,"Hi Mohamad, I loved your recent breakdown on emerging tech trends and software recommendations. Your informative, approachable tech tips and tool highlights and highly engaged 18-34 tech audience in Windsor align seamlessly with our team's mission. We are launching an upcoming sponsorship and would love to partner with you. We offer competitive flat creator fees with creative freedom on campaign integration. Would you be open to reviewing a brief partnership brief this week?",73,YES,"Hi Mohamad, loved your recent emerging tech trends and software recommendations content! Your tech audience looks like a perfect fit for our upcoming sponsorship. Open to collaborating?",27,YES,Competitive flat creator fees with creative freedom on campaign integration.
INF-058,Cezare Tech,TikTok,Not Found,Sponsorship,Collaboration inquiry with Cezare – Sponsorship for Practical Generative AI tools and workflow automation,"Hi Cezare, I loved your recent breakdown on practical generative ai tools and workflow automation. Your engaging, practical product demos and relatable consumer reviews and highly engaged 18-34 tech audience in Berlin align seamlessly with our team's mission. We are launching an upcoming sponsorship and would love to partner with you. We offer competitive flat creator fees with creative freedom on campaign integration. Would you be open to reviewing a brief partnership brief this week?",75,YES,"Hi Cezare, loved your recent practical generative ai tools and workflow automation content! Your tech audience looks like a perfect fit for our upcoming sponsorship. Open to collaborating?",28,YES,Competitive flat creator fees with creative freedom on campaign integration.
