Name,Platform,Followers,Engagement,Niche,Email,Profile URL,Content Theme,Status
Eric Garcia,Instagram,500,4.42%,Technology & AI,Not Enriched (Excluded),https://collabstr.com/ericgar,"AI & LLMs, SaaS & Cloud, Cybersecurity",FAILED
Toni Cuenca Garcia,TikTok,480400,1.83%,Technology & AI,Not Enriched (Excluded),https://collabstr.com/linkfydev,Coding & Dev,FAILED
Kimberlyn Padilla,TikTok,60200,3.21%,Technology & AI,Not Found,https://collabstr.com/kimberlynpadilla,"AI & LLMs, Mobile & Apps",PASSED
Diego Montes B,TikTok,56800,3.18%,Technology & AI,montesbar.diego@gmail.com,https://collabstr.com/diegoinnovacion,"AI & LLMs, Startups & Tech Business",PASSED
Mayura Panemangalore,Instagram,166600,1.31%,Technology & AI,Not Enriched (Excluded),https://collabstr.com/thenadcoderacademy,"AI & LLMs, Coding & Dev, Tech Education & Tutorials",FAILED
Diana Pusde,TikTok,200700,2.51%,Technology & AI,Not Enriched (Excluded),https://collabstr.com/dianapusde,Technology & AI,FAILED
Joseph Badiger,Instagram,50600,1.95%,Technology & AI,Not Enriched (Excluded),https://collabstr.com/josephbadiger,AI & LLMs,FAILED
Nik Lr,YouTube,195000,1.2%,Technology & AI,Not Enriched (Excluded),https://collabstr.com/theunboxrstudio,Technology & AI,FAILED
Abdelhamid Oughanem,Instagram,13600,3.82%,Technology & AI,Not Found,https://collabstr.com/abdelhamidhania,"AI & LLMs, SaaS & Cloud, Coding & Dev, Startups & Tech Business",PASSED
Christopher Dominguez,TikTok,59800,3.02%,Technology & AI,Not Found,https://collabstr.com/aztekfx,Technology & AI,PASSED
Crypto Ai Investments,YouTube,54000,1.75%,Technology & AI,Not Enriched (Excluded),https://collabstr.com/modernchannel,"AI & LLMs, Startups & Tech Business",FAILED
Tariq Aljuwayid,YouTube,250050,0.8%,Technology & AI,Not Enriched (Excluded),https://collabstr.com/tariqtechs,"AI & LLMs, SaaS & Cloud, Tech Education & Tutorials",FAILED
Wealth Circal,Instagram,25800,3.32%,Technology & AI,connect@wealthcircle.in,https://collabstr.com/wealthcircal,Tech Education & Tutorials,PASSED
Cristian Via,TikTok,109100,2.27%,Technology & AI,Not Enriched (Excluded),https://collabstr.com/tecnopasion,Technology & AI,FAILED
Mohamed Hamed,YouTube,1240000,1.12%,Technology & AI,Not Enriched (Excluded),https://collabstr.com/infology,"AI & LLMs, Tech Education & Tutorials",FAILED
Husnain Alvi,TikTok,45100,3.6%,Technology & AI,Not Found,https://collabstr.com/alvisahib11,Tech Hardware & Gadgets,PASSED
Antonio Diaz,Instagram,1100,4.84%,Technology & AI,Not Enriched (Excluded),https://collabstr.com/antonioidiaz,Technology & AI,FAILED
Eyad Zein,TikTok,55400,2.66%,Technology & AI,Not Found,https://collabstr.com/eyadzein,Technology & AI,PASSED
Damarion,TikTok,23900,3.26%,Technology & AI,Not Found,https://collabstr.com/mryg277,Startups & Tech Business,PASSED
Varsha Dr,Instagram,251400,1.7%,Technology & AI,Not Enriched (Excluded),https://collabstr.com/techwithvarsha,"AI & LLMs, SaaS & Cloud",FAILED
Aislinn Cody,TikTok,108500,1.87%,Technology & AI,Not Enriched (Excluded),https://collabstr.com/alr3adyd3ad50,Technology & AI,FAILED
Estrella Campbell,Instagram,5900,3.36%,Technology & AI,Not Found,https://collabstr.com/iridescentsoulx,Technology & AI,PASSED
Sydielid Izquierdo Delgado,TikTok,1600,5.73%,Technology & AI,Not Enriched (Excluded),https://collabstr.com/sydielid,Technology & AI,FAILED
Hassan Boufrat,YouTube,75000,1.41%,Technology & AI,Not Enriched (Excluded),https://collabstr.com/boufrat,Technology & AI,FAILED
Isabella Quintero,TikTok,23300,3.61%,Technology & AI,Not Found,https://collabstr.com/eesaquint,Technology & AI,PASSED
Nicole Arbour,Instagram,2200000,1.2%,Technology & AI,Not Enriched (Excluded),https://collabstr.com/nicolearbour,Technology & AI,FAILED
Brianna Furey,Instagram,1900,4.38%,Technology & AI,Not Enriched (Excluded),https://collabstr.com/creatingminimagic,Technology & AI,FAILED
Abdul Lathif Ilyas,Instagram,9000,4.01%,Technology & AI,Not Found,https://collabstr.com/yunmakaveli,Startups & Tech Business,PASSED
Daniela Jorge,Instagram,7100,3.77%,Technology & AI,Not Found,https://collabstr.com/danijorge,Tech Education & Tutorials,PASSED
Merve Tas,Instagram,452500,1.55%,Technology & AI,Not Enriched (Excluded),https://collabstr.com/merveugc,Tech Education & Tutorials,FAILED
Sabrina Puzella,Instagram,39900,2.6%,Technology & AI,Not Found,https://collabstr.com/91sabry,Technology & AI,PASSED
Regiane Domingues,Instagram,42200,3.33%,Technology & AI,Not Found,https://collabstr.com/regianedomingues,Technology & AI,PASSED
Mike's Home Esl,YouTube,710000,1.26%,Technology & AI,Not Enriched (Excluded),https://collabstr.com/mikeshomeesl,"Tech Education & Tutorials, Startups & Tech Business",FAILED
Vinny Scarpa,TikTok,5600,3.91%,Technology & AI,Not Found,https://collabstr.com/vinnyscarpacomedy,Startups & Tech Business,PASSED
Katherine Wood,Instagram,36900,2.76%,Technology & AI,Not Found,https://collabstr.com/maomaoandmaki,Technology & AI,PASSED
Tiffany Hilton,Instagram,43600,2.74%,Technology & AI,Not Found,https://collabstr.com/tiffanytheceo,Technology & AI,PASSED
Omalix Martinez,Instagram,11300,3.31%,Technology & AI,Not Found,https://collabstr.com/itsgiathecat,Technology & AI,PASSED
Madi Nicole,TikTok,17100,4.04%,Technology & AI,Not Found,https://collabstr.com/madinicole,Tech Education & Tutorials,PASSED
Judy Ann Miyara,Instagram,35000,2.54%,Technology & AI,Not Found,https://collabstr.com/just8ate,Technology & AI,PASSED
The Price Family,YouTube,251000,1.53%,Technology & AI,Not Enriched (Excluded),https://collabstr.com/thepricefamily,Technology & AI,FAILED
Max Waddle-Stenton,YouTube,82700,1.99%,Technology & AI,Not Enriched (Excluded),https://collabstr.com/mws,Technology & AI,FAILED
Sune Beale,Instagram,25100,2.86%,Technology & AI,Not Found,https://collabstr.com/sunebeale,Technology & AI,PASSED
Jessa Jaydin,X (Twitter),75000,1.93%,Technology & AI,Not Enriched (Excluded),https://collabstr.com/jessajaydin,Technology & AI,FAILED
Desiree Harden,TikTok,100500,1.75%,Technology & AI,Not Enriched (Excluded),https://collabstr.com/cree,Technology & AI,FAILED
Katy,Instagram,250050,1.49%,Technology & AI,Not Enriched (Excluded),https://collabstr.com/katynjf,Tech Hardware & Gadgets,FAILED
Nikole,TikTok,9800,4.62%,Technology & AI,Not Found,https://collabstr.com/ugcnikole1,Technology & AI,PASSED
Hely Hernández,Instagram,11400,3.77%,Technology & AI,Not Found,https://collabstr.com/helyhernandezz,Technology & AI,PASSED
Albaronatx,Instagram,414600,0.98%,Technology & AI,Not Enriched (Excluded),https://collabstr.com/albaronatx,Technology & AI,FAILED
Theresa Davis,TikTok,19500,4.53%,Technology & AI,Not Found,https://collabstr.com/theresaceetv,Technology & AI,PASSED
Kevin Ganci,Instagram,3500,4.43%,Technology & AI,Not Enriched (Excluded),https://collabstr.com/kevinganci,Startups & Tech Business,FAILED
Shubham Saini,Instagram,50700,2.68%,Technology & AI,shubham@shubook.in,https://collabstr.com/shubook,Technology & AI,PASSED
Aubry Trude,TikTok,3200,5.39%,Technology & AI,Not Enriched (Excluded),https://collabstr.com/aubrytrude,Technology & AI,FAILED
Ethanjewell,TikTok,997400,1.99%,Technology & AI,Not Enriched (Excluded),https://collabstr.com/ethanjewell,Technology & AI,FAILED
Nazir Jarmajo,TikTok,80000,2.94%,Technology & AI,Not Found,https://collabstr.com/kurratv,Technology & AI,PASSED
Joyce Ribeiro,Instagram,42100,2.41%,Technology & AI,Not Found,https://collabstr.com/joycethomazette,Technology & AI,PASSED
Tiffani Butler,TikTok,62200,2.6%,Technology & AI,Not Found,https://collabstr.com/shanellethebelle,Tech Education & Tutorials,PASSED
Mohamad Alkaaby,YouTube,6850,2.82%,Technology & AI,Not Found,https://collabstr.com/kaaby,Technology & AI,PASSED
Cezare Tech,TikTok,82200,2.59%,Technology & AI,Not Found,https://collabstr.com/cezaretech,"Mobile & Apps, Tech Education & Tutorials",PASSED
