ID,Name,Username,Platform,Followers,Follower_Tier,Engagement_Rate,Niche,Content_Themes,Location,Profile_URL,Headline,Bio,Discovery_Source
INF-001,Eric Garcia,ericgar,Instagram,500,Nano (<5k),4.42%,Technology & AI,"AI & LLMs, SaaS & Cloud, Cybersecurity","Austin, TX, US",https://collabstr.com/ericgar,Technology Ugc Creator,"I create short-form UGC and tech-focused content about AI, SaaS, and cybersecurity, drawing on my previous experience at AWS, DARPA, and Raytheon. My audience consists of bilingual English-Spanish speakers interested in technology and enterprise software. I am based in Austin, TX.",Collabstr Public Directory
INF-002,Toni Cuenca Garcia,linkfydev,TikTok,480400,Macro (>100k),1.83%,Technology & AI,Coding & Dev,"Barcelona, ES",https://collabstr.com/linkfydev,Technology And Coding | Dev Content Creator,"I'm an Engineer that makes content about technology, educational content, programming, and game development in Spanish.",Collabstr Public Directory
INF-003,Kimberlyn Padilla,kimberlynpadilla,TikTok,60200,Micro (5k-100k),3.21%,Technology & AI,"AI & LLMs, Mobile & Apps","Cucuta, CO",https://collabstr.com/kimberlynpadilla,Ugc Creator: Beauty And Technology,"I create authentic UGC videos for beauty, technology, AI tools, mobile apps, and lifestyle brands, including product demos, tutorials, reviews, and relatable storytelling that helps brands connect with Spanish-speaking audiences. I produce engaging, high-quality content designed to build trust and …",Collabstr Public Directory
INF-004,Diego Montes B,diegoinnovacion,TikTok,56800,Micro (5k-100k),3.18%,Technology & AI,"AI & LLMs, Startups & Tech Business","Lima, PE",https://collabstr.com/diegoinnovacion,Innovative Insights Into Business And Technology Trends,"I'm a content creator focused on innovation, business, and practical applications of artificial intelligence for entrepreneurs and professionals in Latin America. My videos share real stories of startups, companies, and success cases, breaking down how to use technology to increase sales, optimize …",Collabstr Public Directory
INF-005,Mayura Panemangalore,thenadcoderacademy,Instagram,166600,Macro (>100k),1.31%,Technology & AI,"AI & LLMs, Coding & Dev, Tech Education & Tutorials","Dallas, TX, US",https://collabstr.com/thenadcoderacademy,"Technology, Ai & Coding Content Creator","I'm Sujay, the creator behind TheNadcoder – a fast-growing tech education and lifestyle brand with 56K+ engaged subscribers on Instagram and 10K subs on Youtube. I blend deep technical knowledge with relatable storytelling to make complex topics simple, fun, and actionable.

👨‍💻 Content Focus:
…",Collabstr Public Directory
INF-006,Diana Pusde,dianapusde,TikTok,200700,Macro (>100k),2.51%,Technology & AI,Technology & AI,"Jakarta, JK, ID",https://collabstr.com/dianapusde,"Lifestyle, Technology, Skincare, And Travel","Hi, I’m @daypusde — 
UGC Creator | Product Demo | 
Technology | Lifestyle | Beauty | Apps
Let’s collaboration",Collabstr Public Directory
INF-007,Joseph Badiger,josephbadiger,Instagram,50600,Micro (5k-100k),1.95%,Technology & AI,AI & LLMs,"New York, NY, US",https://collabstr.com/josephbadiger,Technology Creator,"I'm Joseph Badiger, an AI creator passionate about building, experimenting, and sharing. I create content about AI, technology, automation, and digital tools, while also building products and websites that solve real problems.",Collabstr Public Directory
INF-008,Nik Lr,theunboxrstudio,YouTube,195000,Macro (>100k),1.2%,Technology & AI,Technology & AI,"Como, IT",https://collabstr.com/theunboxrstudio,"Technology, Vlog, Automotive Content Creator","Hey everyone! I'm Nikolas La Rocca, and this is The Unboxr, the YouTube channel where technology comes to life!
What can you expect from my channel? Well, a bit of everything! I unbox the latest smartphones with a keen eye for detail,  put them through their paces with in-depth reviews, and compar…",Collabstr Public Directory
INF-009,Abdelhamid Oughanem,abdelhamidhania,Instagram,13600,Micro (5k-100k),3.82%,Technology & AI,"AI & LLMs, SaaS & Cloud, Coding & Dev, Startups & Tech Business","Ottawa, ON, CA",https://collabstr.com/abdelhamidhania,Technology Simplifier And Automation Specialist For The Elite,"I am the founder of hania. I specialize in demystifying technology and AI, making them accessible to everyone. Based in Canada, I leverage my expertise as a software developer to deliver practical solutions that enhance productivity and streamline workflows for a global audience. My content focuses…",Collabstr Public Directory
INF-010,Christopher Dominguez,aztekfx,TikTok,59800,Micro (5k-100k),3.02%,Technology & AI,Technology & AI,"Estado de Mexico, CAM, MX",https://collabstr.com/aztekfx,Digital Technology Innovator And Content Creator,"Hi, I'm Aztek, a content creator focused on gaming, technology, gadgets, and viral products. I create engaging short-form videos featuring product reviews, unboxings, demonstrations, and honest opinions that help viewers discover innovative products. My audience is primarily based in Mexico and Lat…",Collabstr Public Directory
INF-011,Crypto Ai Investments,modernchannel,YouTube,54000,Micro (5k-100k),1.75%,Technology & AI,"AI & LLMs, Startups & Tech Business","Istanbul, TR",https://collabstr.com/modernchannel,"Crypto, Investment, Technology","I am share videos about of cryptocurrency, ai, memecoins, investment sites and technology projects and products.",Collabstr Public Directory
INF-012,Tariq Aljuwayid,tariqtechs,YouTube,250050,Macro (>100k),0.8%,Technology & AI,"AI & LLMs, SaaS & Cloud, Tech Education & Tutorials","Riyadh, SA",https://collabstr.com/tariqtechs,Technology,"Technology and gadgets: smartphones, laptops, smart home devices, gaming, software, online services, UX, awareness, automation, AI, design, and tips",Collabstr Public Directory
INF-013,Wealth Circal,wealthcircal,Instagram,25800,Micro (5k-100k),3.32%,Technology & AI,Tech Education & Tutorials,"Elbistan, TR",https://collabstr.com/wealthcircal,Viral Content Creator | Facts • Wealth • Technology,"I specialize in creating engaging short-form content that blends education and entertainment, focusing on intriguing facts, wealth insights, technology trends, and captivating real-world topics. My mission is to deliver bite-sized, informative videos that resonate with a diverse global audience, sp…",Collabstr Public Directory
INF-014,Cristian Via,tecnopasion,TikTok,109100,Macro (>100k),2.27%,Technology & AI,Technology & AI,"Tarragona, ES",https://collabstr.com/tecnopasion,Technology Innovator And 3d Content Creator,"Passionate about the latest innovations, I specialize in creating captivating content that explores cutting-edge technologies and fascinating gadgets. I focus on bringing the world of 3D printing to life, showcasing its endless possibilities through engaging tutorials, reviews, and creative project…",Collabstr Public Directory
INF-015,Mohamed Hamed,infology,YouTube,1240000,Macro (>100k),1.12%,Technology & AI,"AI & LLMs, Tech Education & Tutorials","Alger, DZ",https://collabstr.com/infology,Education And Technology,"I run Infology, an Arabic educational channel that publishes content about e-learning and the application of AI tools in education, research and self-study. My audience follows me across YouTube (1.23M subscribers), Instagram (159K, verified) and TikTok (145K) for free courses, academic resources a…",Collabstr Public Directory
INF-016,Husnain Alvi,alvisahib11,TikTok,45100,Micro (5k-100k),3.6%,Technology & AI,Tech Hardware & Gadgets,"Lahore, PB, PK",https://collabstr.com/alvisahib11,Explore Technology & Unboxing Products,"I create hands-on unboxing videos, product reviews, and tech exploration content.
🧠 Discover the latest gadgets, smart devices, and trending technology in action.
👀 Perfect for tech lovers, early adopters, and anyone looking to buy smarter.
📦 Follow for daily tech unboxings and honest first impress…",Collabstr Public Directory
INF-017,Antonio Diaz,antonioidiaz,Instagram,1100,Nano (<5k),4.84%,Technology & AI,Technology & AI,"Mercer Island, WA, US",https://collabstr.com/antonioidiaz,Automotive And Technology Lifestyle Creator,"I create content around cars, fashion, and technology, with a focus on my Porsche 911 4S and life in Seattle. People who follow me are interested in automotive, style, and tech content.",Collabstr Public Directory
INF-018,Eyad Zein,eyadzein,TikTok,55400,Micro (5k-100k),2.66%,Technology & AI,Technology & AI,"Cairo, EG",https://collabstr.com/eyadzein,Innovative Technology Reviewer And Digital Content Creator,"As a skilled video editor and videographer with a deep passion for technology, I specialize in creating engaging content that resonates with audiences. I review the latest tech products, websites, and apps, offering insightful perspectives that help consumers make informed decisions. With a creativ…",Collabstr Public Directory
INF-019,Damarion,mryg277,TikTok,23900,Micro (5k-100k),3.26%,Technology & AI,Startups & Tech Business,"Illinois City, IL, US",https://collabstr.com/mryg277,"Technology, And Entertainment Content Creator","I am a passionate content creator who specializes in music-related content, technology, and entertainment. My work focuses on crafting engaging videos that bring together creativity, innovation, and sound. I create content that highlights music lyrics, playback experiences, and cutting-edge devices…",Collabstr Public Directory
INF-020,Varsha Dr,techwithvarsha,Instagram,251400,Macro (>100k),1.7%,Technology & AI,"AI & LLMs, SaaS & Cloud","Bangalore, KA, IN",https://collabstr.com/techwithvarsha,Tech Influencer — Ai And Technology Insights For Aspiring Engineers And Founders,"I am a software engineer and creator (@techwithvarsha) exploring the intersection of technology, modern lifestyle, and productivity. My content documents the reality of building a career in tech — from the tools I use and the way I work to the experiences that shape my journey as a remote engineer …",Collabstr Public Directory
INF-021,Aislinn Cody,alr3adyd3ad50,TikTok,108500,Macro (>100k),1.87%,Technology & AI,Technology & AI,"Buffalo, NY, US",https://collabstr.com/alr3adyd3ad50,"Lifestyle, Thrifting, And 2000s Fashion Content Creator","I’m a Gen Z content creator sharing lifestyle, thrifting, and 2000s fashion content with a nostalgic, alternative twist. I create relatable videos that highlight Y2K trends, secondhand finds, and everyday style inspiration for a highly engaged audience.",Collabstr Public Directory
INF-022,Estrella Campbell,iridescentsoulx,Instagram,5900,Micro (5k-100k),3.36%,Technology & AI,Technology & AI,"Austin, TX, US",https://collabstr.com/iridescentsoulx,Content Creator,"I am a 28 year old content creator located in Central Texas. I create content on hair care, wigs, anime, makeup, and fashion.",Collabstr Public Directory
INF-023,Sydielid Izquierdo Delgado,sydielid,TikTok,1600,Nano (<5k),5.73%,Technology & AI,Technology & AI,"Hialeah, FL, US",https://collabstr.com/sydielid,Lifestyle Influencer Sharing Home Essentials For Modern Moms 🫶🏻,"As a modern mom dedicated to simplifying family life, I create and share engaging content centered on home essentials and must-have products that elevate daily routines. My fAs a modern mom dedicated to simplifying family life, I create and share engaging content centered on home essentials and mus…",Collabstr Public Directory
INF-024,Hassan Boufrat,boufrat,YouTube,75000,Micro (5k-100k),1.41%,Technology & AI,Technology & AI,"Casablanca, CAS, MA",https://collabstr.com/boufrat,Travel & Hospitality Content Creator | 830k+ Reach & Performance Marketer,"Travel and hospitality video creator and performance marketing specialist with an engaged ecosystem of over 830,000 followers (744,000+ on Facebook). Verified Google Maps Local Guide Level 6 with over 4.9 million views. Delivering cinematic vertical Reels, in-depth reviews, and high-converting UGC …",Collabstr Public Directory
INF-025,Isabella Quintero,eesaquint,TikTok,23300,Micro (5k-100k),3.61%,Technology & AI,Technology & AI,"Miami, FL, US",https://collabstr.com/eesaquint,Fashion And Beauty Content Creator 🙂,"I am a Latina, Miami-based content creator passionate about all things fabulous, with a special love for fragrances, makeup, fashion, and hair care.",Collabstr Public Directory
INF-026,Nicole Arbour,nicolearbour,Instagram,2200000,Macro (>100k),1.2%,Technology & AI,Technology & AI,"Miami Beach, FL, US",https://collabstr.com/nicolearbour,Comedy Creator,"Let’s win! I have over 3 billion views on my comedy-focused content across TikTok, Instagram, and YouTube, where I share jokes, commentary, and perspectives meant to make people laugh, think, and cheer. My audience follows me for my work as a comedian, recording artist, and creative director, and l…",Collabstr Public Directory
INF-027,Brianna Furey,creatingminimagic,Instagram,1900,Nano (<5k),4.38%,Technology & AI,Technology & AI,"Orangevale, CA, US",https://collabstr.com/creatingminimagic,"Content Creator: Kids, Family, And Home","Hi, I'm Brianna, a passionate, play-based educator and dedicated mom who creates authentic, story-driven UGC that brings products to life. I specialize in relatable content centered on kids, family, home, and everyday lifestyle: from creative play and educational products to family essentials that …",Collabstr Public Directory
INF-028,Abdul Lathif Ilyas,yunmakaveli,Instagram,9000,Micro (5k-100k),4.01%,Technology & AI,Startups & Tech Business,"Dubai, UAE",https://collabstr.com/yunmakaveli,Entrepreneur And Sales Professional,"I share insights from my work in sales and entrepreneurship while documenting life between the UAE and Sri Lanka. An audience of about 12.7k on Instagram follows my posts about business projects, day-to-day work life, and ventures I co-founded.",Collabstr Public Directory
INF-029,Daniela Jorge,danijorge,Instagram,7100,Micro (5k-100k),3.77%,Technology & AI,Tech Education & Tutorials,"Miami, FL, US",https://collabstr.com/danijorge,A Lifestyle And Beauty Influencer Sharing Tips And Inspiration.,"I am a Miami-based beauty and lifestyle creator who shares beauty, fashion, skincare, and everyday lifestyle content through authentic and aesthetic videos. I create relatable UGC-style content for brands and audiences who love beauty, self-care, and fashion inspiration ✨",Collabstr Public Directory
INF-030,Merve Tas,merveugc,Instagram,452500,Macro (>100k),1.55%,Technology & AI,Tech Education & Tutorials,"Katy, TX, US",https://collabstr.com/merveugc,User-Generated Content Creator,"Hi, I'm Merve, a content creator and influencer based in Texas. I love sharing lifestyle, family, and product review content—especially things that make everyday life easier or more fun. My content is authentic, relatable, and visually appealing, with a focus on families, babies, and practical tips…",Collabstr Public Directory
INF-031,Sabrina Puzella,91sabry,Instagram,39900,Micro (5k-100k),2.6%,Technology & AI,Technology & AI,"Ischia, NA, IT",https://collabstr.com/91sabry,Lifestyle Influencer,"Adventurous, elegant, nature-loving, with a warm boho-chic style and a creative spirit, always with a smile.",Collabstr Public Directory
INF-032,Regiane Domingues,regianedomingues,Instagram,42200,Micro (5k-100k),3.33%,Technology & AI,Technology & AI,"Kearny, NJ, US",https://collabstr.com/regianedomingues,"Content Creator, Sales Strategist And Mental Trigger","I’m Regiane Domingues, a Brazilian content creator and UGC specialist based in the U.S. With over 12 years of experience in marketing, beauty, fashion and lifestyle, I create authentic, high-converting videos and photos that emotionally connect with audiences. My content speaks directly to women be…",Collabstr Public Directory
INF-033,Mike's Home Esl,mikeshomeesl,YouTube,710000,Macro (>100k),1.26%,Technology & AI,"Tech Education & Tutorials, Startups & Tech Business","San Jose, CA, US",https://collabstr.com/mikeshomeesl,Education English As A Second Language,"ESL teacher and content creator living in China since 2001. Influencer with over 650K+ subscribers on YouTube, sharing innovative teaching strategies and engaging educational content. Founder of a global teacher community dedicated to making classrooms more interactive and fun. Experienced in creat…",Collabstr Public Directory
INF-034,Vinny Scarpa,vinnyscarpacomedy,TikTok,5600,Micro (5k-100k),3.91%,Technology & AI,Startups & Tech Business,"Morristown, NJ, US",https://collabstr.com/vinnyscarpacomedy,Stand Up Comedian And Actor Exploring Life And Discovering Opportunities!,"Actor, entrepreneur & high-conversion UGC creator.
I specialize in authentic, direct-to-camera videos that build trust and drive action.
Experienced in sales, lifestyle, grooming, and tech tools.
Clean visuals. Clear messaging. Real engagement.",Collabstr Public Directory
INF-035,Katherine Wood,maomaoandmaki,Instagram,36900,Micro (5k-100k),2.76%,Technology & AI,Technology & AI,"Phoenix, AZ, US",https://collabstr.com/maomaoandmaki,Pet + Lifestyle Creator,"Hi, I’m Kat! I’m the human behind the cats of @maomaoandmaki, where I share my passion for easy enrichment, quality cat food, and lifestyle upgrades that keep every member of the family happy.",Collabstr Public Directory
INF-036,Tiffany Hilton,tiffanytheceo,Instagram,43600,Micro (5k-100k),2.74%,Technology & AI,Technology & AI,"Union South Carolina, SC, US",https://collabstr.com/tiffanytheceo,"Beauty, Fashion, Lifestyle Influencer","Hello, my name is Tiffany and I am a passionate creator with a focus on beauty, fashion, lifestyle, decor, and many more. Over the years, I have built a strong online presence and have developed expertise in creating engaging and informative content that resonates with my audience.",Collabstr Public Directory
INF-037,Omalix Martinez,itsgiathecat,Instagram,11300,Micro (5k-100k),3.31%,Technology & AI,Technology & AI,"Orlando, FL, US",https://collabstr.com/itsgiathecat,It's Gia The Cat | Cat Content Creator,"Hi! I’m the creator behind @itsgiathecat — a cat-loving household featuring Gia, a spirited Russian Blue mix rescued as a bottle-fed kitten, and Elise, a sweet, fluffy cuddlebug who joined to be Gia’s playful companion. Together with my young son, we share heartwarming, humorous, and highly relatab…",Collabstr Public Directory
INF-038,Madi Nicole,madinicole,TikTok,17100,Micro (5k-100k),4.04%,Technology & AI,Tech Education & Tutorials,"Fayetteville, AR, US",https://collabstr.com/madinicole,"Student, Lifestyle,And Beauty Creator","I am a 22 year old student at the University of Arkansas majoring in Apparel Merchandising and product development. I make content for everyone looking for lifestyle,beauty, and fashion tips!",Collabstr Public Directory
INF-039,Judy Ann Miyara,just8ate,Instagram,35000,Micro (5k-100k),2.54%,Technology & AI,Technology & AI,"Thousand Oaks, CA, US",https://collabstr.com/just8ate,Just8ate | Easy Recipes | Food Adventures,"Welcome to Just.8.Ate! We’re Luis and JudyAnn. The husband and wife authors of the Just.8.Ate APPETIZING ADVENTURES Cooking Blog. We are truly a #foodie, and love to eat, and make all kinds of recipes to cook and eat!!! Just8ate is a collection of the whole food recipes we cook in our kitchen and l…",Collabstr Public Directory
INF-040,The Price Family,thepricefamily,YouTube,251000,Macro (>100k),1.53%,Technology & AI,Technology & AI,"Atlanta, GA, US",https://collabstr.com/thepricefamily,"Content Creator, Youtuber, Influencer","Hey guys We Are The Price Family, A family of 6. 2 girls, 4 boys and a beautiful mother. We love creating content for awesome people like yourself & bringing your vision to life. Let us be the Face of your brand.",Collabstr Public Directory
INF-041,Max Waddle-Stenton,mws,YouTube,82700,Micro (5k-100k),1.99%,Technology & AI,Technology & AI,"Leeds, LDS, GB",https://collabstr.com/mws,Football Content Creator,"I create sports-based narrative videos that have built a loyal audience passionate about sports, gaming, and story-based content.",Collabstr Public Directory
INF-042,Sune Beale,sunebeale,Instagram,25100,Micro (5k-100k),2.86%,Technology & AI,Technology & AI,"Bremen, HB, DE",https://collabstr.com/sunebeale,Ugc Content Creator And Professional Video Filming And Editing,"My name is Suné, your friendly content creator! I love filming content and editing images and videos. I have worked with multiple brands over the years, filming high quality content and delivering good results.

I have specialized filming and editing equipment, so all deliverables will always be …",Collabstr Public Directory
INF-043,Jessa Jaydin,jessajaydin,X (Twitter),75000,Micro (5k-100k),1.93%,Technology & AI,Technology & AI,"Jupiter, FL, US",https://collabstr.com/jessajaydin,Musician - Singer - Songwriter - Pianist - Guitarist,"I am a musician based out of Nashville, Tennessee & Jupiter, Florida. I sing, write my own songs, and play guitar & piano. I just opened for Bon Jovi at Bridgestone Arena & that was a blast :) I love fitness, the beach, and doggies!",Collabstr Public Directory
INF-044,Desiree Harden,cree,TikTok,100500,Macro (>100k),1.75%,Technology & AI,Technology & AI,"West Orange, NJ, US",https://collabstr.com/cree,Motivation Mom Who Loves Fashion And Food,"As a passionate mom, I create engaging and uplifting content that blends motivation, humor, and fitness to inspire fellow parents on their wellness journeys. My videos resonate with both moms and dads, offering relatable and entertaining insights into balancing family life while staying active and …",Collabstr Public Directory
INF-045,Katy,katynjf,Instagram,250050,Macro (>100k),1.49%,Technology & AI,Tech Hardware & Gadgets,"Montreal, QC, CA",https://collabstr.com/katynjf,Traveler | Videographer And Photographer | Adventurer,"I'm a Canada-based traveler and videographer. I turn road trips into cinematic content using professional gear, focusing on rugged exploration, travel tech, and high-end visuals for an audience that lives for the journey.",Collabstr Public Directory
INF-046,Nikole,ugcnikole1,TikTok,9800,Micro (5k-100k),4.62%,Technology & AI,Technology & AI,"Pedricktown, NJ, US",https://collabstr.com/ugcnikole1,A Lifestyle And Beauty Ugc Creator Focused On Authentic Product Storytelling.,"Hi! I'm Nikole, a lifestyle and beauty UGC creator who helps brands bring their products to life through authentic, engaging content. I specialize in beauty, fashion, home, and wellness videos that feel natural, relatable, and visually polished. My goal is to create content that brands can use to b…",Collabstr Public Directory
INF-047,Hely Hernández,helyhernandezz,Instagram,11400,Micro (5k-100k),3.77%,Technology & AI,Technology & AI,"Madrid, ES",https://collabstr.com/helyhernandezz,Equestrian Lifestyle And Fitness Model Sharing Elegant Content In Spain,"Based in Spain, I am a model and lifestyle content creator with a passion for equestrian life, fitness, and refined everyday living. I specialize in producing high-quality visuals that authentically showcase brands, blending elegance with a dynamic lifestyle. My content highlights the beauty of equ…",Collabstr Public Directory
INF-048,Albaronatx,albaronatx,Instagram,414600,Macro (>100k),0.98%,Technology & AI,Technology & AI,"Casablanca, CAS, MA",https://collabstr.com/albaronatx,Gaming And Beauty Content Creator,"Im A 25 yo Married Moroccan Content Creator ( Old Streamer in twitch )
Platforms : 
- Instagram | Tiktok | YouTube | Facebook",Collabstr Public Directory
INF-049,Theresa Davis,theresaceetv,TikTok,19500,Micro (5k-100k),4.53%,Technology & AI,Technology & AI,"Kansas City, MO, US",https://collabstr.com/theresaceetv,Busy Mom Food & Lifestyle,"I am a humorous toddler mom who creates appealing food and lifestyle content. I love being a mom and I incorporate my toddler, husband, and dogs into my videos at times (they are all available for collaborations). I also offer social media management and UGC services. I would love to work with you …",Collabstr Public Directory
INF-050,Kevin Ganci,kevinganci,Instagram,3500,Nano (<5k),4.43%,Technology & AI,Startups & Tech Business,"Saint Petersburg, FL, US",https://collabstr.com/kevinganci,Versatile Lifestyle And Wellness Content Creator For Homes And Pets.,"I’m a millennial who brings versatility and high production value to my brand collaborations. My content is tailored to business professionals, pet lovers, people of faith, fashion-forward thinkers, and anyone looking for life hacks to make their routines more efficient and enjoyable.",Collabstr Public Directory
INF-051,Shubham Saini,shubook,Instagram,50700,Micro (5k-100k),2.68%,Technology & AI,Technology & AI,"Bangalore, KA, IN",https://collabstr.com/shubook,Manifestation | Mindset,"I help people to Manifest their goals and dreams by working on self development, Mindset and Emotional health. my audience is between age 18-34. where 70% male and 30% female. and they live in top 5 cities of India",Collabstr Public Directory
INF-052,Aubry Trude,aubrytrude,TikTok,3200,Nano (<5k),5.39%,Technology & AI,Technology & AI,"Los Angeles, CA, US",https://collabstr.com/aubrytrude,Beauty & Lifestyle Creator,"I create content trying out new makeup looks & hairstyles. I talk about mental health, healthy living & spirituality. My audience is mostly women between the ages of 25 and 35.",Collabstr Public Directory
INF-053,Ethanjewell,ethanjewell,TikTok,997400,Macro (>100k),1.99%,Technology & AI,Technology & AI,"Denver, CO, US",https://collabstr.com/ethanjewell,Mental Health Content Creator,"Mental health creator and podcast host who makes music and content about healing, emotional health, and self-discovery. I create original songs, podcast episodes, and short-form videos focusing on depression, anxiety, mindfulness, people-pleasing, and inner healing. My audience skews 18–35 but span…",Collabstr Public Directory
INF-054,Nazir Jarmajo,kurratv,TikTok,80000,Micro (5k-100k),2.94%,Technology & AI,Technology & AI,"Lagos, NG",https://collabstr.com/kurratv,Daily Football News And Analysis With Exciting Video Highlights,"Kurra TV is a Hausa football media platform covering the latest football news, transfer updates, match analysis and stories from the biggest clubs and players around the world. We connect brands with a highly engaged football audience across YouTube, TikTok, Facebook and Instagram.",Collabstr Public Directory
INF-055,Joyce Ribeiro,joycethomazette,Instagram,42100,Micro (5k-100k),2.41%,Technology & AI,Technology & AI,"Orlando, FL, US",https://collabstr.com/joycethomazette,"Ugc Creator | Lifestyle, Family & Food Content","I'm a Florida-based bilingual UGC creator specializing in lifestyle, family, food, and consumer brands. As a Brazilian mom living in the U.S., I create authentic, relatable content in both English and Portuguese that builds trust and drives engagement. From product demonstrations to storytelling-le…",Collabstr Public Directory
INF-056,Tiffani Butler,shanellethebelle,TikTok,62200,Micro (5k-100k),2.6%,Technology & AI,Tech Education & Tutorials,"Atlanta, GA, US",https://collabstr.com/shanellethebelle,Lifestyle Content Creator,"I create content about life in the city, restaurant reviews, and tips on manifestation and life advice. I also post travel videos.",Collabstr Public Directory
INF-057,Mohamad Alkaaby,kaaby,YouTube,6850,Micro (5k-100k),2.82%,Technology & AI,Technology & AI,"Windsor, ON, CA",https://collabstr.com/kaaby,Student Athlete Inspiring Fitness Enthusiasts Through Engaging Content,"I create content that helps athletes boost performance and sprint speed, along with the latest news and updates from the world of track and field.",Collabstr Public Directory
INF-058,Cezare Tech,cezaretech,TikTok,82200,Micro (5k-100k),2.59%,Technology & AI,"Mobile & Apps, Tech Education & Tutorials","Berlin, BE, DE",https://collabstr.com/cezaretech,An Innovative Tech Enthusiast Sharing The Latest Gadgets And Trends.,"Passionate about mobile technology, I produce engaging content focused on smartphones, apps, unboxings, and consumer electronics, blending education with entertainment. My audience, primarily located in Germany and Albania, is highly engaged and enthusiastic about the latest tech trends. I strive t…",Collabstr Public Directory
